sample_index,time_s,label,fault_detail,load_nm,aceleracao_x_mancal_a,aceleracao_y_mancal_a,aceleracao_x_mancal_b,aceleracao_y_mancal_b,temperatura_mancal_a,temperatura_mancal_b,corrente_fase_u,corrente_fase_v,corrente_fase_w,temperatura_mancal_a_valida,temperatura_mancal_b_valida,corrente_fase_u_valida,corrente_fase_v_valida,corrente_fase_w_valida
0,1.1658752856611394e-05,desgaste_rolamento,BPFI_03,0,-3911,3125,-1044,1962,28587,30146,13685,6764,-19866,True,True,True,True,True
1,5.072125285661139e-05,desgaste_rolamento,BPFI_03,0,1015,-444,-1823,6166,28587,30146,15340,6553,-21363,True,True,True,True,True
2,8.97837528566114e-05,desgaste_rolamento,BPFI_03,0,120,445,-852,4344,28587,30146,15937,7001,-22510,True,True,True,True,True
3,0.0001288462528566114,desgaste_rolamento,BPFI_03,0,-3449,3320,-461,2796,28587,30146,15183,8422,-22731,True,True,True,True,True
4,0.0001679087528566114,desgaste_rolamento,BPFI_03,0,-566,-168,3,-618,28587,30146,17013,7775,-24552,True,True,True,True,True
5,0.0002069712528566114,desgaste_rolamento,BPFI_03,0,-152,-1051,712,-2719,28587,30146,17628,6514,-24046,True,True,True,True,True
6,0.0002460337528566114,desgaste_rolamento,BPFI_03,0,-3204,1674,407,3710,28587,30146,16568,5671,-22232,True,True,True,True,True
7,0.00028509625285661145,desgaste_rolamento,BPFI_03,0,-109,-715,417,1950,28587,30146,15074,6325,-21412,True,True,True,True,True
8,0.0003241587528566114,desgaste_rolamento,BPFI_03,0,3611,-2140,112,-915,28587,30146,15211,4905,-19772,True,True,True,True,True
9,0.0003632212528566114,desgaste_rolamento,BPFI_03,0,482,758,-1515,1451,28587,30146,15992,3771,-19434,True,True,True,True,True
10,0.00040228375285661144,desgaste_rolamento,BPFI_03,0,508,81,-536,-5948,28587,30146,17201,4102,-21121,True,True,True,True,True
11,0.0004413462528566114,desgaste_rolamento,BPFI_03,0,2526,-1639,-103,-7199,28587,30146,17015,5109,-22112,True,True,True,True,True
12,0.0004804087528566114,desgaste_rolamento,BPFI_03,0,-2049,717,-990,1376,28587,30146,18147,5605,-23118,True,True,True,True,True
13,0.0005194712528566114,desgaste_rolamento,BPFI_03,0,-2695,652,1236,114,28587,30146,19664,4749,-23168,True,True,True,True,True
14,0.0005585337528566114,desgaste_rolamento,BPFI_03,0,60,-1491,2613,-112,28587,30146,19093,3198,-21807,True,True,True,True,True
15,0.0005975962528566113,desgaste_rolamento,BPFI_03,0,-660,-437,1236,2873,28587,30146,18251,3280,-20872,True,True,True,True,True
16,0.0006366587528566114,desgaste_rolamento,BPFI_03,0,-1093,144,2177,-1565,28587,30146,17035,3342,-20148,True,True,True,True,True
17,0.0006757212528566114,desgaste_rolamento,BPFI_03,0,1915,-1072,2307,-1612,28587,30146,17571,1527,-18806,True,True,True,True,True
18,0.0007147837528566113,desgaste_rolamento,BPFI_03,0,2755,-414,459,-37,28587,30146,18633,481,-18806,True,True,True,True,True
19,0.0007538462528566114,desgaste_rolamento,BPFI_03,0,2264,685,-1072,-3058,28587,30146,19421,1440,-20840,True,True,True,True,True
20,0.0007929087528566114,desgaste_rolamento,BPFI_03,0,1651,794,-2851,349,28587,30146,18396,3297,-21655,True,True,True,True,True
21,0.0008319712528566113,desgaste_rolamento,BPFI_03,0,1498,869,-2452,-127,28587,30146,20500,2518,-22860,True,True,True,True,True
22,0.0008710337528566114,desgaste_rolamento,BPFI_03,0,-47,768,-1825,-217,28587,30146,20623,765,-21184,True,True,True,True,True
23,0.0009100962528566114,desgaste_rolamento,BPFI_03,0,-1556,875,-2349,6345,28587,30146,20148,186,-20202,True,True,True,True,True
24,0.0009491587528566113,desgaste_rolamento,BPFI_03,0,-2011,573,-156,2971,28587,30146,18801,1150,-19954,True,True,True,True,True
25,0.0009882212528566114,desgaste_rolamento,BPFI_03,0,-1239,-150,1790,-1022,28587,30146,18932,195,-18751,True,True,True,True,True
26,0.0010272837528566114,desgaste_rolamento,BPFI_03,0,-2005,-66,377,3489,28587,30146,19552,-1380,-18018,True,True,True,True,True
27,0.0010663462528566114,desgaste_rolamento,BPFI_03,0,-2764,143,1815,-79,28587,30146,20100,-1732,-18541,True,True,True,True,True
28,0.0011054087528566115,desgaste_rolamento,BPFI_03,0,-1166,-594,2593,-2519,28587,30146,20096,81,-20126,True,True,True,True,True
29,0.0011444712528566113,desgaste_rolamento,BPFI_03,0,-436,-756,-208,3125,28587,30146,20377,778,-20987,True,True,True,True,True
30,0.0011835337528566113,desgaste_rolamento,BPFI_03,0,-759,126,1010,-488,28587,30146,21022,-928,-20328,True,True,True,True,True
31,0.0012225962528566114,desgaste_rolamento,BPFI_03,0,1443,-222,1668,-1719,28587,30146,21468,-2087,-19064,True,True,True,True,True
32,0.0012616587528566114,desgaste_rolamento,BPFI_03,0,3079,-775,-683,-1677,28587,30146,20918,-1829,-18734,True,True,True,True,True
33,0.0013007212528566114,desgaste_rolamento,BPFI_03,0,1002,266,-939,-5181,28587,30146,19563,-1639,-18862,True,True,True,True,True
34,0.0013397837528566115,desgaste_rolamento,BPFI_03,0,383,161,-766,-1707,28587,30146,20462,-2739,-17694,True,True,True,True,True
35,0.0013788462528566115,desgaste_rolamento,BPFI_03,0,646,-895,-753,-1753,28587,30146,21496,-3992,-17321,True,True,True,True,True
36,0.0014179087528566113,desgaste_rolamento,BPFI_03,0,-800,-416,-808,-2529,28587,30146,21775,-3426,-18203,True,True,True,True,True
37,0.0014569712528566113,desgaste_rolamento,BPFI_03,0,-1177,25,-1724,3748,28587,30146,20398,-1398,-18967,True,True,True,True,True
38,0.0014960337528566114,desgaste_rolamento,BPFI_03,0,809,-602,42,-267,28587,30146,21392,-2439,-19065,True,True,True,True,True
39,0.0015350962528566114,desgaste_rolamento,BPFI_03,0,1514,-402,1146,-1252,28587,30146,22155,-4172,-18005,True,True,True,True,True
40,0.0015741587528566115,desgaste_rolamento,BPFI_03,0,69,810,-928,6734,28587,30146,22298,-4677,-17617,True,True,True,True,True
41,0.0016132212528566115,desgaste_rolamento,BPFI_03,0,517,531,326,930,28587,30146,21143,-3234,-18042,True,True,True,True,True
42,0.0016522837528566113,desgaste_rolamento,BPFI_03,0,724,208,699,975,28587,30146,21244,-3534,-17543,True,True,True,True,True
43,0.0016913462528566113,desgaste_rolamento,BPFI_03,0,-1115,1025,-1882,6222,28587,30146,22188,-5339,-16760,True,True,True,True,True
44,0.0017304087528566114,desgaste_rolamento,BPFI_03,0,-1406,765,-320,-744,28587,30146,22672,-6049,-16510,True,True,True,True,True
45,0.0017694712528566114,desgaste_rolamento,BPFI_03,0,-274,176,538,-164,28587,30146,22129,-4321,-16996,True,True,True,True,True
46,0.0018085337528566114,desgaste_rolamento,BPFI_03,0,-938,379,-182,3450,28587,30146,21844,-3498,-16984,True,True,True,True,True
47,0.0018475962528566115,desgaste_rolamento,BPFI_03,0,-1121,251,921,-1546,28587,30146,22589,-5756,-16767,True,True,True,True,True
48,0.0018866587528566113,desgaste_rolamento,BPFI_03,0,-981,-257,765,-716,28587,30146,23459,-7147,-16226,True,True,True,True,True
49,0.0019257212528566113,desgaste_rolamento,BPFI_03,0,-661,-605,419,-3065,28587,30146,23160,-6389,-16457,True,True,True,True,True
50,0.0019647837528566116,desgaste_rolamento,BPFI_03,0,-307,-817,1047,-6850,28587,30146,21933,-4777,-17084,True,True,True,True,True
51,0.0020038462528566116,desgaste_rolamento,BPFI_03,0,485,-210,40,159,28587,30146,23159,-6867,-16253,True,True,True,True,True
52,0.0020429087528566117,desgaste_rolamento,BPFI_03,0,1585,-181,737,-1906,28587,30146,23943,-8551,-15623,True,True,True,True,True
53,0.0020819712528566117,desgaste_rolamento,BPFI_03,0,2657,-391,574,-4300,28587,30146,23203,-8429,-15506,True,True,True,True,True
54,0.0021210337528566117,desgaste_rolamento,BPFI_03,0,1323,612,-1426,2882,28587,30146,21725,-5964,-15939,True,True,True,True,True
55,0.0021600962528566118,desgaste_rolamento,BPFI_03,0,331,451,732,-2411,28587,30146,21787,-6738,-15199,True,True,True,True,True
56,0.002199158752856612,desgaste_rolamento,BPFI_03,0,786,-804,690,-2543,28587,30146,23055,-8475,-14645,True,True,True,True,True
57,0.002238221252856612,desgaste_rolamento,BPFI_03,0,-425,-267,-2752,7202,28587,30146,23572,-9040,-14629,True,True,True,True,True
58,0.0022772837528566114,desgaste_rolamento,BPFI_03,0,-2117,234,-1038,1494,28587,30146,22864,-7730,-15416,True,True,True,True,True
59,0.0023163462528566115,desgaste_rolamento,BPFI_03,0,-336,-572,-561,-691,28587,30146,23358,-8188,-15220,True,True,True,True,True
60,0.0023554087528566115,desgaste_rolamento,BPFI_03,0,-85,-188,-2865,4210,28587,30146,24668,-10003,-14696,True,True,True,True,True
61,0.0023944712528566115,desgaste_rolamento,BPFI_03,0,-1611,790,-88,-3404,28587,30146,24676,-10563,-14183,True,True,True,True,True
62,0.0024335337528566116,desgaste_rolamento,BPFI_03,0,-281,276,577,-1244,28587,30146,22208,-8431,-13813,True,True,True,True,True
63,0.0024725962528566116,desgaste_rolamento,BPFI_03,0,972,-293,-98,4662,28587,30146,21121,-7397,-13790,True,True,True,True,True
64,0.0025116587528566116,desgaste_rolamento,BPFI_03,0,-805,871,2063,1238,28587,30146,21835,-8937,-13146,True,True,True,True,True
65,0.0025507212528566117,desgaste_rolamento,BPFI_03,0,-541,1114,1744,3632,28587,30146,23062,-10022,-12687,True,True,True,True,True
66,0.0025897837528566117,desgaste_rolamento,BPFI_03,0,699,158,1538,526,28587,30146,23340,-9326,-13092,True,True,True,True,True
67,0.0026288462528566117,desgaste_rolamento,BPFI_03,0,13,772,1666,-2083,28587,30146,22953,-8837,-14071,True,True,True,True,True
68,0.0026679087528566118,desgaste_rolamento,BPFI_03,0,-414,837,178,1589,28587,30146,24550,-11366,-13361,True,True,True,True,True
69,0.002706971252856612,desgaste_rolamento,BPFI_03,0,533,-895,745,-4749,28587,30146,25002,-12561,-12424,True,True,True,True,True
70,0.002746033752856612,desgaste_rolamento,BPFI_03,0,637,-1095,261,-5850,28587,30146,23281,-11392,-11564,True,True,True,True,True
71,0.0027850962528566114,desgaste_rolamento,BPFI_03,0,-1523,-385,-2271,-84,28587,30146,21657,-9470,-12111,True,True,True,True,True
72,0.0028241587528566115,desgaste_rolamento,BPFI_03,0,-95,-1103,-466,-4426,28587,30146,20648,-9757,-11074,True,True,True,True,True
73,0.0028632212528566115,desgaste_rolamento,BPFI_03,0,1296,-1350,-735,-1331,28587,30146,22099,-11353,-10660,True,True,True,True,True
74,0.0029022837528566115,desgaste_rolamento,BPFI_03,0,224,62,-2425,4661,28587,30146,23081,-12216,-10766,True,True,True,True,True
75,0.0029413462528566116,desgaste_rolamento,BPFI_03,0,1026,60,-563,-1311,28587,30146,23332,-11708,-11651,True,True,True,True,True
76,0.0029804087528566116,desgaste_rolamento,BPFI_03,0,2293,-614,-225,-172,28587,30146,24261,-12492,-11932,True,True,True,True,True
77,0.0030194712528566117,desgaste_rolamento,BPFI_03,0,649,34,-749,1861,28587,30146,25259,-14070,-11340,True,True,True,True,True
78,0.0030585337528566117,desgaste_rolamento,BPFI_03,0,-281,696,417,-1509,28587,30146,23926,-14186,-10240,True,True,True,True,True
79,0.0030975962528566117,desgaste_rolamento,BPFI_03,0,-361,235,94,2854,28587,30146,21901,-12724,-9812,True,True,True,True,True
80,0.0031366587528566118,desgaste_rolamento,BPFI_03,0,-715,353,287,3157,28587,30146,20735,-11263,-9659,True,True,True,True,True
81,0.003175721252856612,desgaste_rolamento,BPFI_03,0,-791,488,705,590,28587,30146,20300,-11885,-8433,True,True,True,True,True
82,0.003214783752856612,desgaste_rolamento,BPFI_03,0,-1917,760,-193,1476,28587,30146,22166,-13736,-8359,True,True,True,True,True
83,0.003253846252856612,desgaste_rolamento,BPFI_03,0,-876,-156,975,-3535,28587,30146,22967,-14086,-8949,True,True,True,True,True
84,0.0032929087528566115,desgaste_rolamento,BPFI_03,0,-1490,325,337,-276,28587,30146,23219,-13171,-10288,True,True,True,True,True
85,0.0033319712528566115,desgaste_rolamento,BPFI_03,0,-636,-291,487,3944,28587,30146,24942,-15598,-9916,True,True,True,True,True
86,0.0033710337528566115,desgaste_rolamento,BPFI_03,0,-1887,-353,2848,-1136,28587,30146,24670,-16412,-8901,True,True,True,True,True
87,0.0034100962528566116,desgaste_rolamento,BPFI_03,0,1561,-5013,1430,1842,28587,30146,22537,-14939,-7604,True,True,True,True,True
88,0.0034491587528566116,desgaste_rolamento,BPFI_03,0,-9643,1462,-362,2587,28587,30146,21534,-13548,-7953,True,True,True,True,True
89,0.0034882212528566116,desgaste_rolamento,BPFI_03,0,2833,15155,842,-3611,28587,30146,20329,-13595,-6669,True,True,True,True,True
90,0.0035272837528566117,desgaste_rolamento,BPFI_03,0,17474,-7207,-1269,-1535,28587,30146,20742,-14511,-5796,True,True,True,True,True
91,0.0035663462528566117,desgaste_rolamento,BPFI_03,0,13621,-1620,-2413,-962,28587,30146,22022,-15842,-6242,True,True,True,True,True
92,0.0036054087528566117,desgaste_rolamento,BPFI_03,0,-11103,11436,-1095,-2968,28587,30146,22762,-15801,-7185,True,True,True,True,True
93,0.0036444712528566118,desgaste_rolamento,BPFI_03,0,602,-12993,-1619,194,28587,30146,24132,-16636,-7779,True,True,True,True,True
94,0.003683533752856612,desgaste_rolamento,BPFI_03,0,4598,-12611,-743,-1228,28587,30146,24688,-17937,-6962,True,True,True,True,True
95,0.003722596252856612,desgaste_rolamento,BPFI_03,0,-19225,9060,-2310,-3400,28587,30146,21539,-18219,-5366,True,True,True,True,True
96,0.0037616587528566114,desgaste_rolamento,BPFI_03,0,-1891,-3701,2043,-1995,28587,30146,19635,-18083,-5293,True,True,True,True,True
97,0.0038007212528566115,desgaste_rolamento,BPFI_03,0,5765,-6206,4717,2790,28587,30146,20601,-15448,-5274,True,True,True,True,True
98,0.0038397837528566115,desgaste_rolamento,BPFI_03,0,-12174,7647,-1269,9054,28587,30146,19852,-16235,-3702,True,True,True,True,True
99,0.0038788462528566115,desgaste_rolamento,BPFI_03,0,-1516,3482,-495,1122,28587,30146,20629,-17666,-3123,True,True,True,True,True
100,0.003917908752856612,desgaste_rolamento,BPFI_03,0,2494,-7211,4392,-11578,28587,30146,21659,-18125,-3909,True,True,True,True,True
101,0.003956971252856612,desgaste_rolamento,BPFI_03,0,1497,7244,-3206,-2470,28587,30146,22333,-17282,-5481,True,True,True,True,True
102,0.003996033752856612,desgaste_rolamento,BPFI_03,0,1611,8393,-1041,5506,28587,30146,23362,-18890,-4649,True,True,True,True,True
103,0.004035096252856612,desgaste_rolamento,BPFI_03,0,9636,-1984,2747,4877,28587,30146,22044,-19200,-2913,True,True,True,True,True
104,0.004074158752856612,desgaste_rolamento,BPFI_03,0,5716,1579,-4119,14139,28587,30146,20908,-18844,-2270,True,True,True,True,True
105,0.004113221252856612,desgaste_rolamento,BPFI_03,0,1253,1309,-1428,2423,28587,30146,20482,-17728,-2995,True,True,True,True,True
106,0.004152283752856612,desgaste_rolamento,BPFI_03,0,-3679,-9655,4197,-11952,28587,30146,19456,-17800,-2028,True,True,True,True,True
107,0.004191346252856612,desgaste_rolamento,BPFI_03,0,-3649,-3075,1039,-5091,28587,30146,19159,-18660,-734,True,True,True,True,True
108,0.004230408752856612,desgaste_rolamento,BPFI_03,0,-4316,-138,2275,-470,28587,30146,20197,-19657,-754,True,True,True,True,True
109,0.004269471252856612,desgaste_rolamento,BPFI_03,0,-4363,-3162,3576,4813,28587,30146,21210,-19516,-2081,True,True,True,True,True
110,0.004308533752856612,desgaste_rolamento,BPFI_03,0,-2293,5135,1744,6392,28587,30146,21898,-19529,-2827,True,True,True,True,True
111,0.004347596252856612,desgaste_rolamento,BPFI_03,0,2928,4121,929,954,28587,30146,21400,-20258,-1399,True,True,True,True,True
112,0.004386658752856612,desgaste_rolamento,BPFI_03,0,4792,-2735,104,-5883,28587,30146,20072,-20522,215,True,True,True,True,True
113,0.004425721252856612,desgaste_rolamento,BPFI_03,0,-1407,1485,-4171,-8876,28587,30146,19571,-19992,356,True,True,True,True,True
114,0.004464783752856612,desgaste_rolamento,BPFI_03,0,2163,1588,-5065,-5144,28587,30146,19635,-18679,-652,True,True,True,True,True
115,0.004503846252856612,desgaste_rolamento,BPFI_03,0,6307,-5680,-5872,730,28587,30146,18390,-19524,847,True,True,True,True,True
116,0.004542908752856611,desgaste_rolamento,BPFI_03,0,-1582,1134,-3475,1508,28587,30146,18316,-20595,1924,True,True,True,True,True
117,0.004581971252856611,desgaste_rolamento,BPFI_03,0,-5525,3499,-1566,1993,28587,30146,19584,-21107,1007,True,True,True,True,True
118,0.004621033752856611,desgaste_rolamento,BPFI_03,0,5257,-4610,2613,586,28587,30146,20322,-20012,-775,True,True,True,True,True
119,0.004660096252856611,desgaste_rolamento,BPFI_03,0,-2774,-3860,1829,-2999,28587,30146,20501,-20884,-13,True,True,True,True,True
120,0.004699158752856611,desgaste_rolamento,BPFI_03,0,-9748,5371,3761,878,28587,30146,19172,-21408,1897,True,True,True,True,True
121,0.0047382212528566114,desgaste_rolamento,BPFI_03,0,2762,-1888,5798,1338,28587,30146,18683,-21427,2484,True,True,True,True,True
122,0.0047772837528566115,desgaste_rolamento,BPFI_03,0,1513,-2394,544,5099,28587,30146,18852,-20477,1327,True,True,True,True,True
123,0.0048163462528566115,desgaste_rolamento,BPFI_03,0,-5885,8036,1177,8511,28587,30146,18334,-20512,1831,True,True,True,True,True
124,0.0048554087528566115,desgaste_rolamento,BPFI_03,0,3857,3989,1675,6254,28587,30146,17525,-21337,3492,True,True,True,True,True
125,0.004894471252856612,desgaste_rolamento,BPFI_03,0,7729,-4732,-3108,1543,28587,30146,17653,-21939,4076,True,True,True,True,True
126,0.004933533752856612,desgaste_rolamento,BPFI_03,0,413,1984,-2391,4145,28587,30146,19159,-21782,2163,True,True,True,True,True
127,0.004972596252856612,desgaste_rolamento,BPFI_03,0,888,594,-1587,-655,28587,30146,19387,-21456,1145,True,True,True,True,True
128,0.005011658752856612,desgaste_rolamento,BPFI_03,0,4328,-5615,-1314,-11292,28587,30146,18285,-22235,3299,True,True,True,True,True
129,0.005050721252856612,desgaste_rolamento,BPFI_03,0,1970,-1114,-2605,-3453,28587,30146,17562,-23031,4603,True,True,True,True,True
130,0.005089783752856612,desgaste_rolamento,BPFI_03,0,-7204,4096,-2904,-1828,28587,30146,17577,-22706,3727,True,True,True,True,True
131,0.005128846252856612,desgaste_rolamento,BPFI_03,0,-2057,-192,1684,-10448,28587,30146,18262,-21352,2514,True,True,True,True,True
132,0.005167908752856612,desgaste_rolamento,BPFI_03,0,2256,-2777,577,-226,28587,30146,17466,-22234,4460,True,True,True,True,True
133,0.005206971252856612,desgaste_rolamento,BPFI_03,0,-6034,2680,8,-453,28587,30146,17339,-23288,6008,True,True,True,True,True
134,0.005246033752856612,desgaste_rolamento,BPFI_03,0,-3361,1234,3865,-7252,28587,30146,18013,-23420,5745,True,True,True,True,True
135,0.005285096252856612,desgaste_rolamento,BPFI_03,0,5946,-4854,3155,5179,28587,30146,17849,-21984,3890,True,True,True,True,True
136,0.005324158752856612,desgaste_rolamento,BPFI_03,0,-1818,-140,-180,7436,28587,30146,17207,-22122,4685,True,True,True,True,True
137,0.005363221252856612,desgaste_rolamento,BPFI_03,0,-2817,3149,2079,3200,28587,30146,16494,-23309,6490,True,True,True,True,True
138,0.005402283752856612,desgaste_rolamento,BPFI_03,0,3644,-3569,364,6141,28587,30146,16342,-23688,7004,True,True,True,True,True
139,0.005441346252856612,desgaste_rolamento,BPFI_03,0,4244,-2117,-1421,1042,28587,30146,16944,-22731,5543,True,True,True,True,True
140,0.005480408752856612,desgaste_rolamento,BPFI_03,0,-1799,2512,-1779,-2980,28587,30146,16782,-22814,5567,True,True,True,True,True
141,0.005519471252856611,desgaste_rolamento,BPFI_03,0,580,-193,-2469,-2625,28587,30146,16112,-24016,7420,True,True,True,True,True
142,0.005558533752856611,desgaste_rolamento,BPFI_03,0,3537,-1387,-597,-5098,28587,30146,15823,-24489,8380,True,True,True,True,True
143,0.005597596252856611,desgaste_rolamento,BPFI_03,0,-3297,3414,-2316,5202,28587,30146,15960,-23350,6821,True,True,True,True,True
144,0.005636658752856611,desgaste_rolamento,BPFI_03,0,-6555,3677,-707,5031,28587,30146,15789,-22192,5456,True,True,True,True,True
145,0.005675721252856611,desgaste_rolamento,BPFI_03,0,2207,-235,1682,-1182,28587,30146,15169,-22701,7211,True,True,True,True,True
146,0.0057147837528566114,desgaste_rolamento,BPFI_03,0,100,91,207,4214,28587,30146,14627,-23904,8897,True,True,True,True,True
147,0.0057538462528566115,desgaste_rolamento,BPFI_03,0,-3385,2115,2606,612,28587,30146,14842,-24071,8713,True,True,True,True,True
148,0.0057929087528566115,desgaste_rolamento,BPFI_03,0,3042,-1888,5418,-5874,28587,30146,15709,-23263,6904,True,True,True,True,True
149,0.0058319712528566115,desgaste_rolamento,BPFI_03,0,3230,-3210,1245,3779,28587,30146,15156,-24404,8856,True,True,True,True,True
150,0.005871033752856612,desgaste_rolamento,BPFI_03,0,-1474,645,-980,3702,28587,30146,14543,-25230,10584,True,True,True,True,True
151,0.005910096252856612,desgaste_rolamento,BPFI_03,0,-645,-15,1809,-4158,28587,30146,14312,-24715,10234,True,True,True,True,True
152,0.005949158752856612,desgaste_rolamento,BPFI_03,0,2027,-2262,-4028,3785,28587,30146,14503,-22698,7653,True,True,True,True,True
153,0.005988221252856612,desgaste_rolamento,BPFI_03,0,859,-786,-3498,-766,28587,30146,13625,-21736,7784,True,True,True,True,True
154,0.006027283752856612,desgaste_rolamento,BPFI_03,0,-2949,956,-1673,-7911,28587,30146,13140,-23179,9561,True,True,True,True,True
155,0.006066346252856612,desgaste_rolamento,BPFI_03,0,-103,-595,-3069,-2942,28587,30146,12970,-23997,10477,True,True,True,True,True
156,0.006105408752856612,desgaste_rolamento,BPFI_03,0,2921,-1550,-139,-3550,28587,30146,13699,-23969,9913,True,True,True,True,True
157,0.006144471252856612,desgaste_rolamento,BPFI_03,0,-2693,1009,1942,-2406,28587,30146,13883,-24525,10338,True,True,True,True,True
158,0.006183533752856612,desgaste_rolamento,BPFI_03,0,-1312,2009,1167,3408,28587,30146,13249,-26127,12373,True,True,True,True,True
159,0.006222596252856612,desgaste_rolamento,BPFI_03,0,3059,-1189,2764,2309,28587,30146,12819,-26031,13366,True,True,True,True,True
160,0.006261658752856612,desgaste_rolamento,BPFI_03,0,1202,-71,1241,1965,28587,30146,12642,-23540,11468,True,True,True,True,True
161,0.006300721252856612,desgaste_rolamento,BPFI_03,0,-1184,2335,-677,798,28587,30146,12380,-24469,9715,True,True,True,True,True
162,0.006339783752856612,desgaste_rolamento,BPFI_03,0,1694,18,197,-237,28587,30146,11242,-25892,10762,True,True,True,True,True
163,0.006378846252856612,desgaste_rolamento,BPFI_03,0,3413,-1015,-3111,3226,28587,30146,11030,-23768,12192,True,True,True,True,True
164,0.006417908752856612,desgaste_rolamento,BPFI_03,0,-1893,3033,-3447,1989,28587,30146,11507,-24307,12419,True,True,True,True,True
165,0.006456971252856612,desgaste_rolamento,BPFI_03,0,-2395,1979,-1599,328,28587,30146,12519,-24308,11412,True,True,True,True,True
166,0.006496033752856612,desgaste_rolamento,BPFI_03,0,2933,-1837,-2027,-1638,28587,30146,12055,-26057,13651,True,True,True,True,True
167,0.006535096252856611,desgaste_rolamento,BPFI_03,0,-2486,-49,106,-6770,28587,30146,11208,-26584,14881,True,True,True,True,True
168,0.006574158752856611,desgaste_rolamento,BPFI_03,0,-5894,1264,1768,-3448,28587,30146,10396,-24813,13717,True,True,True,True,True
169,0.006613221252856611,desgaste_rolamento,BPFI_03,0,1404,-3190,3019,-2013,28587,30146,10740,-23246,11975,True,True,True,True,True
170,0.006652283752856611,desgaste_rolamento,BPFI_03,0,361,-2631,2798,-1021,28587,30146,9693,-21922,11684,True,True,True,True,True
171,0.0066913462528566114,desgaste_rolamento,BPFI_03,0,-4152,1653,266,5491,28587,30146,8891,-22317,12666,True,True,True,True,True
172,0.0067304087528566115,desgaste_rolamento,BPFI_03,0,352,-373,295,331,28587,30146,9090,-23636,13998,True,True,True,True,True
173,0.0067694712528566115,desgaste_rolamento,BPFI_03,0,3814,-2628,896,-4966,28587,30146,9827,-24184,13980,True,True,True,True,True
174,0.0068085337528566115,desgaste_rolamento,BPFI_03,0,-1468,1644,-2727,237,28587,30146,10306,-25172,14545,True,True,True,True,True
175,0.006847596252856612,desgaste_rolamento,BPFI_03,0,-1955,1877,-1750,-697,28587,30146,9684,-26243,16177,True,True,True,True,True
176,0.006886658752856612,desgaste_rolamento,BPFI_03,0,4330,-2231,199,-3467,28587,30146,8254,-24948,16293,True,True,True,True,True
177,0.006925721252856612,desgaste_rolamento,BPFI_03,0,2329,0,-646,3019,28587,30146,7726,-23360,14851,True,True,True,True,True
178,0.006964783752856612,desgaste_rolamento,BPFI_03,0,-3417,2389,693,3720,28587,30146,8286,-22561,13330,True,True,True,True,True
179,0.007003846252856612,desgaste_rolamento,BPFI_03,0,2864,-1409,2026,1055,28587,30146,7014,-21639,14054,True,True,True,True,True
180,0.007042908752856612,desgaste_rolamento,BPFI_03,0,3003,-1822,1198,3830,28587,30146,6538,-22483,15491,True,True,True,True,True
181,0.007081971252856612,desgaste_rolamento,BPFI_03,0,-1911,1078,1758,3454,28587,30146,7152,-23425,15998,True,True,True,True,True
182,0.007121033752856612,desgaste_rolamento,BPFI_03,0,-415,284,1130,1492,28587,30146,8357,-23970,15351,True,True,True,True,True
183,0.007160096252856612,desgaste_rolamento,BPFI_03,0,11543,-5150,-519,601,28587,30146,7908,-25348,17109,True,True,True,True,True
184,0.007199158752856612,desgaste_rolamento,BPFI_03,0,-2634,3994,-1846,848,28587,30146,6722,-24913,17816,True,True,True,True,True
185,0.007238221252856612,desgaste_rolamento,BPFI_03,0,-21813,12868,-2868,2245,28587,30146,5865,-23343,16947,True,True,True,True,True
186,0.007277283752856612,desgaste_rolamento,BPFI_03,0,12299,-7077,-1244,-589,28587,30146,6356,-22592,15724,True,True,True,True,True
187,0.007316346252856612,desgaste_rolamento,BPFI_03,0,-8411,1506,-999,-1260,28587,30146,5539,-21515,15490,True,True,True,True,True
188,0.007355408752856612,desgaste_rolamento,BPFI_03,0,-19081,9899,-736,1091,28587,30146,4406,-21172,16330,True,True,True,True,True
189,0.007394471252856612,desgaste_rolamento,BPFI_03,0,12276,-12696,585,-2276,28587,30146,4314,-22253,17503,True,True,True,True,True
190,0.007433533752856612,desgaste_rolamento,BPFI_03,0,7875,-8496,2922,-4449,28587,30146,5242,-23251,17484,True,True,True,True,True
191,0.007472596252856612,desgaste_rolamento,BPFI_03,0,-8697,8255,3337,-2319,28587,30146,5736,-23171,17481,True,True,True,True,True
192,0.007511658752856611,desgaste_rolamento,BPFI_03,0,8229,-4804,786,-2446,28587,30146,4468,-22564,18567,True,True,True,True,True
193,0.007550721252856611,desgaste_rolamento,BPFI_03,0,15792,-5776,-694,-2282,28587,30146,3303,-22720,19151,True,True,True,True,True
194,0.007589783752856611,desgaste_rolamento,BPFI_03,0,-3881,6893,1960,-2969,28587,30146,2937,-22083,18265,True,True,True,True,True
195,0.007628846252856611,desgaste_rolamento,BPFI_03,0,3958,-1419,-1419,-2641,28587,30146,3680,-21845,16786,True,True,True,True,True
196,0.0076679087528566114,desgaste_rolamento,BPFI_03,0,10386,-3883,-5301,977,28587,30146,2623,-20639,17492,True,True,True,True,True
197,0.0077069712528566115,desgaste_rolamento,BPFI_03,0,-6031,5666,-467,-5238,28587,30146,1689,-20621,18542,True,True,True,True,True
198,0.0077460337528566115,desgaste_rolamento,BPFI_03,0,-6300,4227,-3306,-2083,28587,30146,2480,-21778,19064,True,True,True,True,True
199,0.0077850962528566115,desgaste_rolamento,BPFI_03,0,-2052,416,-1985,10508,28587,30146,3984,-22679,18353,True,True,True,True,True
200,0.007824158752856612,desgaste_rolamento,BPFI_03,0,-9372,1965,2600,5554,28587,30146,3473,-23484,19477,True,True,True,True,True
201,0.007863221252856612,desgaste_rolamento,BPFI_03,0,-5533,-675,988,1671,28587,30146,1945,-22203,19837,True,True,True,True,True
202,0.007902283752856612,desgaste_rolamento,BPFI_03,0,125,-3768,-1004,6854,28587,30146,1390,-21397,19667,True,True,True,True,True
203,0.007941346252856613,desgaste_rolamento,BPFI_03,0,-690,-2122,2484,-1705,28587,30146,2095,-21229,18586,True,True,True,True,True
204,0.007980408752856612,desgaste_rolamento,BPFI_03,0,5829,-1159,289,-6508,28587,30146,1668,-20591,18226,True,True,True,True,True
205,0.008019471252856611,desgaste_rolamento,BPFI_03,0,4903,613,-3935,4495,28587,30146,156,-19587,18958,True,True,True,True,True
206,0.008058533752856612,desgaste_rolamento,BPFI_03,0,352,3529,73,4466,28587,30146,-466,-19710,19584,True,True,True,True,True
207,0.008097596252856611,desgaste_rolamento,BPFI_03,0,3216,1620,-1530,-470,28587,30146,1044,-21189,19588,True,True,True,True,True
208,0.008136658752856612,desgaste_rolamento,BPFI_03,0,1298,-1183,-2368,-2185,28587,30146,2026,-21637,19375,True,True,True,True,True
209,0.008175721252856611,desgaste_rolamento,BPFI_03,0,-7561,1409,3585,-7781,28587,30146,455,-21199,20204,True,True,True,True,True
210,0.008214783752856612,desgaste_rolamento,BPFI_03,0,-3018,-277,3705,-6553,28587,30146,-1160,-20166,20798,True,True,True,True,True
211,0.008253846252856611,desgaste_rolamento,BPFI_03,0,2619,-4598,4134,-1673,28587,30146,-850,-19968,20465,True,True,True,True,True
212,0.008292908752856612,desgaste_rolamento,BPFI_03,0,-4562,250,7492,-3010,28587,30146,678,-20310,19267,True,True,True,True,True
213,0.008331971252856611,desgaste_rolamento,BPFI_03,0,-2579,1917,4723,623,28587,30146,-995,-19472,19943,True,True,True,True,True
214,0.008371033752856612,desgaste_rolamento,BPFI_03,0,7412,-4662,-1779,2648,28587,30146,-2183,-19595,21267,True,True,True,True,True
215,0.008410096252856611,desgaste_rolamento,BPFI_03,0,1872,-1133,1939,-1174,28587,30146,-1765,-20354,21719,True,True,True,True,True
216,0.008449158752856612,desgaste_rolamento,BPFI_03,0,-2036,3820,-3280,2827,28587,30146,-533,-20157,20130,True,True,True,True,True
217,0.008488221252856611,desgaste_rolamento,BPFI_03,0,8695,-2021,-6835,1817,28587,30146,-1237,-20158,20678,True,True,True,True,True
218,0.008527283752856612,desgaste_rolamento,BPFI_03,0,7804,-1505,-3722,3288,28587,30146,-2862,-19245,21581,True,True,True,True,True
219,0.008566346252856611,desgaste_rolamento,BPFI_03,0,-4049,5786,-6084,9232,28587,30146,-3398,-18898,21889,True,True,True,True,True
220,0.008605408752856612,desgaste_rolamento,BPFI_03,0,-1081,1662,-3549,1692,28587,30146,-2289,-19269,21009,True,True,True,True,True
221,0.008644471252856611,desgaste_rolamento,BPFI_03,0,1944,-3964,830,1863,28587,30146,-2292,-19153,20739,True,True,True,True,True
222,0.008683533752856612,desgaste_rolamento,BPFI_03,0,-10129,1630,781,1234,28587,30146,-3954,-18307,21877,True,True,True,True,True
223,0.008722596252856612,desgaste_rolamento,BPFI_03,0,-10486,3213,4845,-8432,28587,30146,-4861,-17902,22421,True,True,True,True,True
224,0.008761658752856612,desgaste_rolamento,BPFI_03,0,2596,-4569,6158,-1639,28587,30146,-3654,-18353,21486,True,True,True,True,True
225,0.008800721252856612,desgaste_rolamento,BPFI_03,0,-389,-855,4330,2025,28587,30146,-2565,-18583,20847,True,True,True,True,True
226,0.008839783752856612,desgaste_rolamento,BPFI_03,0,-6276,6219,4958,-3980,28587,30146,-4604,-17638,22080,True,True,True,True,True
227,0.008878846252856612,desgaste_rolamento,BPFI_03,0,4248,-888,890,6367,28587,30146,-6301,-17179,23104,True,True,True,True,True
228,0.008917908752856613,desgaste_rolamento,BPFI_03,0,7264,-3390,-2803,3040,28587,30146,-5928,-17357,22941,True,True,True,True,True
229,0.008956971252856612,desgaste_rolamento,BPFI_03,0,-4135,4262,-3536,-6577,28587,30146,-4343,-17903,21967,True,True,True,True,True
230,0.008996033752856613,desgaste_rolamento,BPFI_03,0,885,46,-6891,-1062,28587,30146,-6015,-17354,22946,True,True,True,True,True
231,0.009035096252856612,desgaste_rolamento,BPFI_03,0,10323,-6761,-5266,-4487,28587,30146,-7544,-16644,23728,True,True,True,True,True
232,0.009074158752856611,desgaste_rolamento,BPFI_03,0,729,658,-2766,-3202,28587,30146,-7215,-16275,23160,True,True,True,True,True
233,0.009113221252856612,desgaste_rolamento,BPFI_03,0,-3928,2493,-2030,4033,28587,30146,-5158,-16486,21438,True,True,True,True,True
234,0.009152283752856611,desgaste_rolamento,BPFI_03,0,5856,-5296,2888,-4367,28587,30146,-5401,-15880,21095,True,True,True,True,True
235,0.009191346252856612,desgaste_rolamento,BPFI_03,0,377,-1521,3933,-3854,28587,30146,-7316,-15540,22329,True,True,True,True,True
236,0.009230408752856611,desgaste_rolamento,BPFI_03,0,-8321,4423,3210,3748,28587,30146,-8017,-15442,23013,True,True,True,True,True
237,0.009269471252856612,desgaste_rolamento,BPFI_03,0,503,-1093,6120,-2833,28587,30146,-7217,-15973,22770,True,True,True,True,True
238,0.009308533752856611,desgaste_rolamento,BPFI_03,0,5176,-1873,1498,5136,28587,30146,-7473,-16096,22985,True,True,True,True,True
239,0.009347596252856612,desgaste_rolamento,BPFI_03,0,-2693,4943,-2372,10725,28587,30146,-9218,-15525,24409,True,True,True,True,True
240,0.009386658752856611,desgaste_rolamento,BPFI_03,0,-388,3179,66,702,28587,30146,-9592,-14914,24668,True,True,True,True,True
241,0.009425721252856612,desgaste_rolamento,BPFI_03,0,5362,-1669,-3063,5445,28587,30146,-7725,-14463,22779,True,True,True,True,True
242,0.009464783752856611,desgaste_rolamento,BPFI_03,0,-954,1109,-3688,2315,28587,30146,-7002,-14230,21171,True,True,True,True,True
243,0.009503846252856612,desgaste_rolamento,BPFI_03,0,-6377,1951,-336,-5588,28587,30146,-8242,-13602,21428,True,True,True,True,True
244,0.009542908752856611,desgaste_rolamento,BPFI_03,0,-177,-2544,-1110,1773,28587,30146,-10078,-13212,22734,True,True,True,True,True
245,0.009581971252856612,desgaste_rolamento,BPFI_03,0,1802,-2581,1021,142,28587,30146,-10185,-13544,23201,True,True,True,True,True
246,0.009621033752856611,desgaste_rolamento,BPFI_03,0,-4314,1424,3360,-3518,28587,30146,-9153,-14387,23106,True,True,True,True,True
247,0.009660096252856612,desgaste_rolamento,BPFI_03,0,-1901,506,2047,1306,28587,30146,-10976,-13938,24613,True,True,True,True,True
248,0.009699158752856612,desgaste_rolamento,BPFI_03,0,4500,-2579,4675,-6881,28587,30146,-12131,-13107,25031,True,True,True,True,True
249,0.009738221252856612,desgaste_rolamento,BPFI_03,0,-82,71,2741,-4019,28587,30146,-11201,-12424,23476,True,True,True,True,True
250,0.009777283752856612,desgaste_rolamento,BPFI_03,0,-2460,1615,-465,4381,28587,30146,-9568,-12619,21711,True,True,True,True,True
251,0.009816346252856612,desgaste_rolamento,BPFI_03,0,3415,-1821,504,-3122,28587,30146,-9491,-11956,20713,True,True,True,True,True
252,0.009855408752856612,desgaste_rolamento,BPFI_03,0,3790,-1827,-2746,167,28587,30146,-10822,-11485,21628,True,True,True,True,True
253,0.009894471252856613,desgaste_rolamento,BPFI_03,0,-1069,1711,-5875,4315,28587,30146,-11883,-11476,22928,True,True,True,True,True
254,0.009933533752856612,desgaste_rolamento,BPFI_03,0,675,567,-3081,-5086,28587,30146,-11680,-12106,23508,True,True,True,True,True
255,0.009972596252856613,desgaste_rolamento,BPFI_03,0,4260,-2320,-3265,-944,28587,30146,-12044,-12623,24278,True,True,True,True,True
256,0.010011658752856612,desgaste_rolamento,BPFI_03,0,-1981,128,-2399,1491,28587,30146,-13651,-12042,25385,True,True,True,True,True
257,0.010050721252856611,desgaste_rolamento,BPFI_03,0,-6266,2337,2895,-3813,28587,30146,-13850,-10708,24221,True,True,True,True,True
258,0.010089783752856612,desgaste_rolamento,BPFI_03,0,175,-936,2644,3236,28587,30146,-12322,-9978,22263,True,True,True,True,True
259,0.010128846252856611,desgaste_rolamento,BPFI_03,0,-237,-570,3609,4033,28587,30146,-10883,-10163,21103,True,True,True,True,True
260,0.010167908752856612,desgaste_rolamento,BPFI_03,0,-5405,3900,4036,3834,28587,30146,-11622,-9375,20385,True,True,True,True,True
261,0.010206971252856611,desgaste_rolamento,BPFI_03,0,-80,1533,2320,8059,28587,30146,-13225,-9175,21849,True,True,True,True,True
262,0.010246033752856612,desgaste_rolamento,BPFI_03,0,4671,-2189,3030,-1691,28587,30146,-13587,-9704,22816,True,True,True,True,True
263,0.010285096252856611,desgaste_rolamento,BPFI_03,0,-330,1286,-1042,-2752,28587,30146,-13197,-10722,23339,True,True,True,True,True
264,0.010324158752856612,desgaste_rolamento,BPFI_03,0,-848,1629,-4033,1964,28587,30146,-14926,-10425,24769,True,True,True,True,True
265,0.010363221252856611,desgaste_rolamento,BPFI_03,0,4652,-3322,-817,-5734,28587,30146,-15731,-9438,24378,True,True,True,True,True
266,0.010402283752856612,desgaste_rolamento,BPFI_03,0,2396,-1695,-3160,821,28587,30146,-14654,-8486,22539,True,True,True,True,True
267,0.010441346252856611,desgaste_rolamento,BPFI_03,0,-3251,2259,-4468,4942,28587,30146,-13493,-8533,21492,True,True,True,True,True
268,0.010480408752856612,desgaste_rolamento,BPFI_03,0,994,-1040,267,-5231,28587,30146,-13182,-7586,20227,True,True,True,True,True
269,0.010519471252856611,desgaste_rolamento,BPFI_03,0,3041,-2717,-205,-2490,28587,30146,-14055,-6667,20129,True,True,True,True,True
270,0.010558533752856612,desgaste_rolamento,BPFI_03,0,-4208,2098,-899,-667,28587,30146,-15289,-6745,21941,True,True,True,True,True
271,0.010597596252856611,desgaste_rolamento,BPFI_03,0,-3279,1428,1985,-6205,28587,30146,-15265,-7453,22994,True,True,True,True,True
272,0.010636658752856612,desgaste_rolamento,BPFI_03,0,3072,-2811,1139,387,28587,30146,-15624,-8458,23837,True,True,True,True,True
273,0.010675721252856612,desgaste_rolamento,BPFI_03,0,-1028,415,276,1524,28587,30146,-16813,-7656,24213,True,True,True,True,True
274,0.010714783752856612,desgaste_rolamento,BPFI_03,0,-3344,2615,914,-724,28587,30146,-16690,-5991,22229,True,True,True,True,True
275,0.010753846252856612,desgaste_rolamento,BPFI_03,0,3171,-2205,-207,2899,28587,30146,-15821,-5625,21269,True,True,True,True,True
276,0.010792908752856612,desgaste_rolamento,BPFI_03,0,3059,-1990,-1224,-1552,28587,30146,-14632,-6031,20834,True,True,True,True,True
277,0.010831971252856612,desgaste_rolamento,BPFI_03,0,-2482,2068,-1295,-974,28587,30146,-15104,-4605,20839,True,True,True,True,True
278,0.010871033752856613,desgaste_rolamento,BPFI_03,0,333,275,-1006,2771,28587,30146,-16165,-3691,21935,True,True,True,True,True
279,0.010910096252856612,desgaste_rolamento,BPFI_03,0,5147,-1374,172,-762,28587,30146,-17032,-4866,21449,True,True,True,True,True
280,0.010949158752856613,desgaste_rolamento,BPFI_03,0,2436,2440,402,2984,28587,30146,-16734,-6118,22389,True,True,True,True,True
281,0.010988221252856612,desgaste_rolamento,BPFI_03,0,-1553,-2666,1336,4659,28587,30146,-17701,-5570,23270,True,True,True,True,True
282,0.011027283752856611,desgaste_rolamento,BPFI_03,0,-9906,2700,2904,-735,28587,30146,-18116,-4097,22071,True,True,True,True,True
283,0.011066346252856612,desgaste_rolamento,BPFI_03,0,-7555,3680,1353,2870,28587,30146,-17917,-3483,20926,True,True,True,True,True
284,0.011105408752856611,desgaste_rolamento,BPFI_03,0,484,-3115,-1163,1084,28587,30146,-16955,-3909,20480,True,True,True,True,True
285,0.011144471252856612,desgaste_rolamento,BPFI_03,0,3731,1920,-150,-5395,28587,30146,-16571,-3389,19658,True,True,True,True,True
286,0.011183533752856611,desgaste_rolamento,BPFI_03,0,914,1433,-309,-1154,28587,30146,-17269,-2001,18965,True,True,True,True,True
287,0.011222596252856612,desgaste_rolamento,BPFI_03,0,6423,-3356,-1832,-2299,28587,30146,-18042,-1499,19957,True,True,True,True,True
288,0.011261658752856611,desgaste_rolamento,BPFI_03,0,524,105,-2059,-3301,28587,30146,-18197,-2963,21310,True,True,True,True,True
289,0.011300721252856612,desgaste_rolamento,BPFI_03,0,1514,-908,-2028,1669,28587,30146,-18245,-4190,21513,True,True,True,True,True
290,0.011339783752856611,desgaste_rolamento,BPFI_03,0,4667,-2552,-672,-192,28587,30146,-19057,-2685,21336,True,True,True,True,True
291,0.011378846252856612,desgaste_rolamento,BPFI_03,0,-709,266,360,1430,28587,30146,-19294,-991,20091,True,True,True,True,True
292,0.011417908752856611,desgaste_rolamento,BPFI_03,0,484,286,1636,3246,28587,30146,-18738,-1174,19679,True,True,True,True,True
293,0.011456971252856612,desgaste_rolamento,BPFI_03,0,732,-1916,2866,-4401,28587,30146,-17698,-2294,19655,True,True,True,True,True
294,0.011496033752856611,desgaste_rolamento,BPFI_03,0,-7233,1091,1487,-1517,28587,30146,-18303,-618,18533,True,True,True,True,True
295,0.011535096252856612,desgaste_rolamento,BPFI_03,0,-6053,1064,2233,2947,28587,30146,-19191,660,18291,True,True,True,True,True
296,0.011574158752856611,desgaste_rolamento,BPFI_03,0,-1909,-1328,3028,-3426,28587,30146,-19681,73,19136,True,True,True,True,True
297,0.011613221252856612,desgaste_rolamento,BPFI_03,0,-2528,859,-849,3470,28587,30146,-19325,-1574,20107,True,True,True,True,True
298,0.011652283752856612,desgaste_rolamento,BPFI_03,0,-854,3475,-2222,5325,28587,30146,-19754,-1071,20221,True,True,True,True,True
299,0.011691346252856612,desgaste_rolamento,BPFI_03,0,6491,-864,-755,-3511,28587,30146,-20126,796,19078,True,True,True,True,True
300,0.011730408752856612,desgaste_rolamento,BPFI_03,0,6243,-809,-3951,31,28587,30146,-20308,1420,18512,True,True,True,True,True
301,0.011769471252856612,desgaste_rolamento,BPFI_03,0,182,2945,-3397,30,28587,30146,-19588,617,18658,True,True,True,True,True
302,0.011808533752856612,desgaste_rolamento,BPFI_03,0,3075,-818,-2703,-2612,28587,30146,-19328,781,18424,True,True,True,True,True
303,0.011847596252856613,desgaste_rolamento,BPFI_03,0,3951,-3001,-3518,4295,28587,30146,-20208,2395,17465,True,True,True,True,True
304,0.011886658752856612,desgaste_rolamento,BPFI_03,0,-6248,2740,-174,3053,28587,30146,-21034,3291,17574,True,True,True,True,True
305,0.011925721252856613,desgaste_rolamento,BPFI_03,0,-3185,826,-74,441,28587,30146,-20659,2051,18797,True,True,True,True,True
306,0.011964783752856612,desgaste_rolamento,BPFI_03,0,374,-2952,1613,-87,28587,30146,-19894,908,18753,True,True,True,True,True
307,0.012003846252856613,desgaste_rolamento,BPFI_03,0,-4991,959,4442,-4746,28587,30146,-20985,2698,17809,True,True,True,True,True
308,0.012042908752856612,desgaste_rolamento,BPFI_03,0,-3245,996,2985,-3139,28587,30146,-21841,4371,17080,True,True,True,True,True
309,0.012081971252856611,desgaste_rolamento,BPFI_03,0,2439,-2926,1749,-1724,28587,30146,-21537,4039,17180,True,True,True,True,True
310,0.012121033752856612,desgaste_rolamento,BPFI_03,0,881,-975,2953,-2214,28587,30146,-20501,2350,17715,True,True,True,True,True
311,0.012160096252856611,desgaste_rolamento,BPFI_03,0,-691,1829,397,1281,28587,30146,-21163,3575,17082,True,True,True,True,True
312,0.012199158752856612,desgaste_rolamento,BPFI_03,0,2801,-426,466,-1807,28587,30146,-22096,5323,16441,True,True,True,True,True
313,0.012238221252856611,desgaste_rolamento,BPFI_03,0,4336,-1380,204,-4291,28587,30146,-22277,5337,16513,True,True,True,True,True
314,0.012277283752856612,desgaste_rolamento,BPFI_03,0,1687,1062,-3118,230,28587,30146,-21023,3459,16873,True,True,True,True,True
315,0.012316346252856611,desgaste_rolamento,BPFI_03,0,737,907,-2621,-2064,28587,30146,-20562,3741,16337,True,True,True,True,True
316,0.012355408752856612,desgaste_rolamento,BPFI_03,0,1895,-1648,-2621,685,28587,30146,-21727,5694,15872,True,True,True,True,True
317,0.012394471252856611,desgaste_rolamento,BPFI_03,0,-764,-73,-3693,3286,28587,30146,-22329,6414,15664,True,True,True,True,True
318,0.012433533752856612,desgaste_rolamento,BPFI_03,0,-5297,2393,-1605,-1136,28587,30146,-21742,5369,16280,True,True,True,True,True
319,0.012472596252856611,desgaste_rolamento,BPFI_03,0,-2319,313,-298,3410,28587,30146,-21556,5256,16509,True,True,True,True,True
320,0.012511658752856612,desgaste_rolamento,BPFI_03,0,612,-950,1311,4513,28587,30146,-22961,7122,15678,True,True,True,True,True
321,0.012550721252856611,desgaste_rolamento,BPFI_03,0,-2374,1925,3163,1301,28587,30146,-23283,8146,15329,True,True,True,True,True
322,0.012589783752856612,desgaste_rolamento,BPFI_03,0,112,534,2694,5892,28587,30146,-22178,6888,15728,True,True,True,True,True
323,0.012628846252856612,desgaste_rolamento,BPFI_03,0,3345,-1949,1631,3761,28587,30146,-21072,5272,15550,True,True,True,True,True
324,0.012667908752856612,desgaste_rolamento,BPFI_03,0,-240,525,2639,-2510,28587,30146,-21023,6438,14221,True,True,True,True,True
325,0.012706971252856612,desgaste_rolamento,BPFI_03,0,-1791,1041,-1377,3770,28587,30146,-22160,8187,13791,True,True,True,True,True
326,0.012746033752856612,desgaste_rolamento,BPFI_03,0,606,-1433,-1046,-1414,28587,30146,-22375,8183,14132,True,True,True,True,True
327,0.012785096252856612,desgaste_rolamento,BPFI_03,0,17,-511,-948,-5149,28587,30146,-22091,7090,14917,True,True,True,True,True
328,0.012824158752856613,desgaste_rolamento,BPFI_03,0,-1210,449,-2605,786,28587,30146,-23166,8422,14465,True,True,True,True,True
329,0.012863221252856612,desgaste_rolamento,BPFI_03,0,-811,-581,-602,-5125,28587,30146,-23992,10187,13865,True,True,True,True,True
330,0.012902283752856613,desgaste_rolamento,BPFI_03,0,1278,-1189,79,-6597,28587,30146,-23295,10094,13567,True,True,True,True,True
331,0.012941346252856612,desgaste_rolamento,BPFI_03,0,-893,-59,-823,-2472,28587,30146,-21403,7921,13363,True,True,True,True,True
332,0.012980408752856613,desgaste_rolamento,BPFI_03,0,-2086,868,1985,-6028,28587,30146,-20487,7728,12647,True,True,True,True,True
333,0.013019471252856612,desgaste_rolamento,BPFI_03,0,1491,-733,2668,-517,28587,30146,-21242,9225,12002,True,True,True,True,True
334,0.013058533752856611,desgaste_rolamento,BPFI_03,0,2716,-1026,1616,6284,28587,30146,-22374,10348,11677,True,True,True,True,True
335,0.013097596252856612,desgaste_rolamento,BPFI_03,0,673,987,2556,944,28587,30146,-22640,9901,12322,True,True,True,True,True
336,0.013136658752856611,desgaste_rolamento,BPFI_03,0,3376,253,-113,6515,28587,30146,-22873,9801,13000,True,True,True,True,True
337,0.013175721252856612,desgaste_rolamento,BPFI_03,0,3970,-730,-1462,4896,28587,30146,-24447,11818,12516,True,True,True,True,True
338,0.013214783752856611,desgaste_rolamento,BPFI_03,0,243,1276,-951,-2665,28587,30146,-24222,12607,11536,True,True,True,True,True
339,0.013253846252856612,desgaste_rolamento,BPFI_03,0,-1531,1388,-4266,2406,28587,30146,-22118,10986,11066,True,True,True,True,True
340,0.013292908752856611,desgaste_rolamento,BPFI_03,0,-535,-357,-3798,-168,28587,30146,-20856,9371,11344,True,True,True,True,True
341,0.013331971252856612,desgaste_rolamento,BPFI_03,0,-1044,-438,-1090,-3510,28587,30146,-20247,9954,10204,True,True,True,True,True
342,0.013371033752856611,desgaste_rolamento,BPFI_03,0,-3094,779,-1723,2394,28587,30146,-21473,11504,9930,True,True,True,True,True
343,0.013410096252856612,desgaste_rolamento,BPFI_03,0,-1913,69,877,-399,28587,30146,-22198,11790,10385,True,True,True,True,True
344,0.013449158752856611,desgaste_rolamento,BPFI_03,0,498,-1182,3403,689,28587,30146,-22587,11366,11293,True,True,True,True,True
345,0.013488221252856612,desgaste_rolamento,BPFI_03,0,-1934,707,2475,4973,28587,30146,-24134,12886,11168,True,True,True,True,True
346,0.013527283752856611,desgaste_rolamento,BPFI_03,0,-1970,1373,3404,-1425,28587,30146,-24540,13972,10379,True,True,True,True,True
347,0.013566346252856612,desgaste_rolamento,BPFI_03,0,1136,-738,3000,-1956,28587,30146,-22925,13225,9433,True,True,True,True,True
348,0.013605408752856612,desgaste_rolamento,BPFI_03,0,615,-279,452,-1612,28587,30146,-21443,11947,9469,True,True,True,True,True
349,0.013644471252856612,desgaste_rolamento,BPFI_03,0,-860,1288,121,-6233,28587,30146,-20098,11411,8610,True,True,True,True,True
350,0.013683533752856612,desgaste_rolamento,BPFI_03,0,2052,-1067,-1867,-1258,28587,30146,-20003,12227,7651,True,True,True,True,True
351,0.013722596252856612,desgaste_rolamento,BPFI_03,0,3144,-1967,-2509,-570,28587,30146,-21741,13103,7501,True,True,True,True,True
352,0.013761658752856612,desgaste_rolamento,BPFI_03,0,-213,371,-1338,-3860,28587,30146,-22537,12881,8204,True,True,True,True,True
353,0.013800721252856613,desgaste_rolamento,BPFI_03,0,35,-248,-2331,2333,28587,30146,-23077,13741,9433,True,True,True,True,True
354,0.013839783752856612,desgaste_rolamento,BPFI_03,0,2382,-1926,-860,29,28587,30146,-24025,15335,8820,True,True,True,True,True
355,0.013878846252856613,desgaste_rolamento,BPFI_03,0,-153,327,966,-734,28587,30146,-22943,15564,7288,True,True,True,True,True
356,0.013917908752856612,desgaste_rolamento,BPFI_03,0,-1907,1548,-1062,6826,28587,30146,-21686,14396,7056,True,True,True,True,True
357,0.013956971252856613,desgaste_rolamento,BPFI_03,0,1984,-430,906,3403,28587,30146,-20964,13312,7539,True,True,True,True,True
358,0.013996033752856612,desgaste_rolamento,BPFI_03,0,1741,-69,1886,2470,28587,30146,-19335,13848,6032,True,True,True,True,True
359,0.014035096252856611,desgaste_rolamento,BPFI_03,0,-1963,2374,116,5048,28587,30146,-19587,14906,5382,True,True,True,True,True
360,0.014074158752856612,desgaste_rolamento,BPFI_03,0,-951,995,1107,-851,28587,30146,-21329,15463,5763,True,True,True,True,True
361,0.014113221252856611,desgaste_rolamento,BPFI_03,0,665,-919,1116,449,28587,30146,-22049,15206,6900,True,True,True,True,True
362,0.014152283752856612,desgaste_rolamento,BPFI_03,0,-2548,759,-191,2189,28587,30146,-23209,16510,6869,True,True,True,True,True
363,0.014191346252856611,desgaste_rolamento,BPFI_03,0,-3642,841,500,-2238,28587,30146,-22727,17397,5767,True,True,True,True,True
364,0.014230408752856612,desgaste_rolamento,BPFI_03,0,241,-1537,-34,-859,28587,30146,-21288,16839,4538,True,True,True,True,True
365,0.014269471252856611,desgaste_rolamento,BPFI_03,0,-286,-835,321,-1614,28587,30146,-20688,15882,4726,True,True,True,True,True
366,0.014308533752856612,desgaste_rolamento,BPFI_03,0,-2086,894,1917,-3431,28587,30146,-19859,15476,4279,True,True,True,True,True
367,0.014347596252856611,desgaste_rolamento,BPFI_03,0,1465,-774,528,1179,28587,30146,-19224,16283,2847,True,True,True,True,True
368,0.014386658752856612,desgaste_rolamento,BPFI_03,0,2782,-1238,760,-456,28587,30146,-19996,15930,2250,True,True,True,True,True
369,0.014425721252856611,desgaste_rolamento,BPFI_03,0,-276,692,1644,-2358,28587,30146,-20986,15515,3539,True,True,True,True,True
370,0.014464783752856612,desgaste_rolamento,BPFI_03,0,1583,-13,-1860,1853,28587,30146,-21889,17598,4976,True,True,True,True,True
371,0.014503846252856611,desgaste_rolamento,BPFI_03,0,2915,-1263,-1282,-2676,28587,30146,-22296,18769,3812,True,True,True,True,True
372,0.014542908752856612,desgaste_rolamento,BPFI_03,0,962,-9,-1061,-3995,28587,30146,-20622,18814,1950,True,True,True,True,True
373,0.014581971252856612,desgaste_rolamento,BPFI_03,0,-641,891,-4037,1418,28587,30146,-20123,18078,1959,True,True,True,True,True
374,0.014621033752856612,desgaste_rolamento,BPFI_03,0,2097,-838,-1843,-1245,28587,30146,-19860,17023,2771,True,True,True,True,True
375,0.014660096252856612,desgaste_rolamento,BPFI_03,0,602,239,-275,1220,28587,30146,-18759,17527,1321,True,True,True,True,True
376,0.014699158752856612,desgaste_rolamento,BPFI_03,0,2272,1194,-1249,4178,28587,30146,-18597,18403,116,True,True,True,True,True
377,0.014738221252856612,desgaste_rolamento,BPFI_03,0,-9216,3686,720,443,28587,30146,-19334,18787,670,True,True,True,True,True
378,0.014777283752856613,desgaste_rolamento,BPFI_03,0,34,-3473,1516,3378,28587,30146,-20450,18471,2282,True,True,True,True,True
379,0.014816346252856612,desgaste_rolamento,BPFI_03,0,4847,-11038,1165,3289,28587,30146,-21124,19014,2074,True,True,True,True,True
380,0.014855408752856613,desgaste_rolamento,BPFI_03,0,-2979,3738,1926,-1435,28587,30146,-20075,19559,415,True,True,True,True,True
381,0.014894471252856612,desgaste_rolamento,BPFI_03,0,-2812,7495,1123,355,28587,30146,-19173,19766,-410,True,True,True,True,True
382,0.014933533752856613,desgaste_rolamento,BPFI_03,0,7529,213,1762,-1246,28587,30146,-19101,18995,258,True,True,True,True,True
383,0.014972596252856612,desgaste_rolamento,BPFI_03,0,-487,4825,2293,970,28587,30146,-18770,18550,183,True,True,True,True,True
384,0.015011658752856611,desgaste_rolamento,BPFI_03,0,-4981,4199,4,7148,28587,30146,-17808,19371,-1550,True,True,True,True,True
385,0.015050721252856612,desgaste_rolamento,BPFI_03,0,-366,-4081,227,-2660,28587,30146,-17811,19934,-2421,True,True,True,True,True
386,0.015089783752856611,desgaste_rolamento,BPFI_03,0,-658,-2435,624,-7657,28587,30146,-18852,19403,-1017,True,True,True,True,True
387,0.015128846252856612,desgaste_rolamento,BPFI_03,0,-3035,1928,-1942,-430,28587,30146,-19388,19222,343,True,True,True,True,True
388,0.015167908752856611,desgaste_rolamento,BPFI_03,0,870,-2168,-408,-5150,28587,30146,-19092,20459,-1146,True,True,True,True,True
389,0.015206971252856612,desgaste_rolamento,BPFI_03,0,2014,-2012,817,-690,28587,30146,-18203,21128,-2911,True,True,True,True,True
390,0.015246033752856611,desgaste_rolamento,BPFI_03,0,488,-1907,-2983,9438,28587,30146,-18146,20840,-2683,True,True,True,True,True
391,0.015285096252856612,desgaste_rolamento,BPFI_03,0,1100,-3870,565,-5317,28587,30146,-18446,19979,-1351,True,True,True,True,True
392,0.015324158752856611,desgaste_rolamento,BPFI_03,0,3381,-3646,-1113,-7636,28587,30146,-17767,20526,-2477,True,True,True,True,True
393,0.015363221252856612,desgaste_rolamento,BPFI_03,0,2478,1596,-3176,-489,28587,30146,-17042,21368,-4269,True,True,True,True,True
394,0.015402283752856611,desgaste_rolamento,BPFI_03,0,3513,2481,-265,-4335,28587,30146,-17087,21527,-4216,True,True,True,True,True
395,0.015441346252856612,desgaste_rolamento,BPFI_03,0,1073,4873,-1031,5818,28587,30146,-18012,20967,-2367,True,True,True,True,True
396,0.015480408752856611,desgaste_rolamento,BPFI_03,0,-611,4166,-1095,8787,28587,30146,-18032,21135,-2678,True,True,True,True,True
397,0.015519471252856612,desgaste_rolamento,BPFI_03,0,-1891,526,1849,-2621,28587,30146,-17183,21896,-4643,True,True,True,True,True
398,0.015558533752856612,desgaste_rolamento,BPFI_03,0,-4946,-1769,1030,-2818,28587,30146,-16846,22327,-5424,True,True,True,True,True
399,0.015597596252856612,desgaste_rolamento,BPFI_03,0,-6160,-1070,1392,-2577,28587,30146,-17386,21458,-4332,True,True,True,True,True
400,0.01563665875285661,desgaste_rolamento,BPFI_03,0,-1202,-3136,3938,-2787,28587,30146,-17507,21054,-4003,True,True,True,True,True
401,0.01567572125285661,desgaste_rolamento,BPFI_03,0,-1107,-617,-86,10404,28587,30146,-16524,22350,-5703,True,True,True,True,True
402,0.015714783752856613,desgaste_rolamento,BPFI_03,0,-888,2252,1207,8108,28587,30146,-15879,23257,-6650,True,True,True,True,True
403,0.015753846252856613,desgaste_rolamento,BPFI_03,0,2681,355,984,2285,28587,30146,-16156,22448,-5425,True,True,True,True,True
404,0.01579290875285661,desgaste_rolamento,BPFI_03,0,3351,-703,-1340,2324,28587,30146,-16564,21051,-4461,True,True,True,True,True
405,0.01583197125285661,desgaste_rolamento,BPFI_03,0,-770,1051,-1627,-5548,28587,30146,-15722,21798,-5926,True,True,True,True,True
406,0.015871033752856614,desgaste_rolamento,BPFI_03,0,1994,-301,-552,-7066,28587,30146,-15087,22970,-7644,True,True,True,True,True
407,0.015910096252856613,desgaste_rolamento,BPFI_03,0,1683,-1074,-2154,-438,28587,30146,-15332,22910,-7470,True,True,True,True,True
408,0.015949158752856612,desgaste_rolamento,BPFI_03,0,-1493,1902,-228,-85,28587,30146,-15889,22233,-6145,True,True,True,True,True
409,0.01598822125285661,desgaste_rolamento,BPFI_03,0,-824,731,1192,716,28587,30146,-15444,23098,-7324,True,True,True,True,True
410,0.01602728375285661,desgaste_rolamento,BPFI_03,0,208,-1781,-1383,-529,28587,30146,-14936,24275,-9218,True,True,True,True,True
411,0.016066346252856613,desgaste_rolamento,BPFI_03,0,-2626,-1333,690,-6673,28587,30146,-14665,23738,-9097,True,True,True,True,True
412,0.016105408752856612,desgaste_rolamento,BPFI_03,0,-449,-1726,-1133,-2387,28587,30146,-14492,21379,-6720,True,True,True,True,True
413,0.01614447125285661,desgaste_rolamento,BPFI_03,0,49,-2140,-1080,-4337,28587,30146,-14094,20934,-6476,True,True,True,True,True
414,0.01618353375285661,desgaste_rolamento,BPFI_03,0,1289,524,-832,-2886,28587,30146,-13651,22188,-8294,True,True,True,True,True
415,0.016222596252856613,desgaste_rolamento,BPFI_03,0,1761,1731,-1720,3254,28587,30146,-13325,23167,-9406,True,True,True,True,True
416,0.016261658752856612,desgaste_rolamento,BPFI_03,0,2035,1901,424,2594,28587,30146,-14006,22964,-8708,True,True,True,True,True
417,0.01630072125285661,desgaste_rolamento,BPFI_03,0,1864,695,600,7340,28587,30146,-14501,22914,-8506,True,True,True,True,True
418,0.01633978375285661,desgaste_rolamento,BPFI_03,0,895,-402,-230,10180,28587,30146,-13727,24473,-10637,True,True,True,True,True
419,0.016378846252856613,desgaste_rolamento,BPFI_03,0,-1830,-552,1920,1493,28587,30146,-12579,24391,-11452,True,True,True,True,True
420,0.016417908752856612,desgaste_rolamento,BPFI_03,0,-1223,-1087,3219,-1240,28587,30146,-12468,22670,-9774,True,True,True,True,True
421,0.01645697125285661,desgaste_rolamento,BPFI_03,0,-871,-764,2175,-1037,28587,30146,-13260,21894,-8604,True,True,True,True,True
422,0.01649603375285661,desgaste_rolamento,BPFI_03,0,-2476,1762,3396,-4129,28587,30146,-12185,21999,-9672,True,True,True,True,True
423,0.016535096252856613,desgaste_rolamento,BPFI_03,0,-1416,1901,1350,1826,28587,30146,-11434,22846,-11004,True,True,True,True,True
424,0.016574158752856612,desgaste_rolamento,BPFI_03,0,306,532,-586,904,28587,30146,-11862,23198,-11329,True,True,True,True,True
425,0.01661322125285661,desgaste_rolamento,BPFI_03,0,148,1146,-1343,-5782,28587,30146,-12595,23341,-10619,True,True,True,True,True
426,0.01665228375285661,desgaste_rolamento,BPFI_03,0,-380,747,-4959,-5466,28587,30146,-12328,24642,-11914,True,True,True,True,True
427,0.016691346252856613,desgaste_rolamento,BPFI_03,0,1683,-664,-4695,-8227,28587,30146,-11576,24980,-13239,True,True,True,True,True
428,0.016730408752856613,desgaste_rolamento,BPFI_03,0,2446,-669,-3847,-4346,28587,30146,-10831,23621,-12586,True,True,True,True,True
429,0.01676947125285661,desgaste_rolamento,BPFI_03,0,85,88,-3227,4696,28587,30146,-10815,22066,-10832,True,True,True,True,True
430,0.01680853375285661,desgaste_rolamento,BPFI_03,0,643,-1176,84,3104,28587,30146,-10347,21037,-10238,True,True,True,True,True
431,0.016847596252856614,desgaste_rolamento,BPFI_03,0,1237,-2319,1366,2266,28587,30146,-9679,21514,-11438,True,True,True,True,True
432,0.016886658752856613,desgaste_rolamento,BPFI_03,0,-2174,-1405,1151,1349,28587,30146,-9010,23480,-12621,True,True,True,True,True
433,0.016925721252856612,desgaste_rolamento,BPFI_03,0,-1854,-1028,4390,-5331,28587,30146,-9569,23988,-12329,True,True,True,True,True
434,0.01696478375285661,desgaste_rolamento,BPFI_03,0,-204,-1438,1942,-1697,28587,30146,-10974,23829,-12812,True,True,True,True,True
435,0.017003846252856614,desgaste_rolamento,BPFI_03,0,-1065,622,-291,3111,28587,30146,-10281,25054,-14755,True,True,True,True,True
436,0.017042908752856613,desgaste_rolamento,BPFI_03,0,-1373,2040,756,1222,28587,30146,-8963,24099,-15069,True,True,True,True,True
437,0.017081971252856612,desgaste_rolamento,BPFI_03,0,460,1238,-782,2462,28587,30146,-8668,22466,-13416,True,True,True,True,True
438,0.01712103375285661,desgaste_rolamento,BPFI_03,0,726,893,-621,1808,28587,30146,-8868,21455,-12065,True,True,True,True,True
439,0.01716009625285661,desgaste_rolamento,BPFI_03,0,18,1154,878,-1091,28587,30146,-7648,20710,-12670,True,True,True,True,True
440,0.017199158752856613,desgaste_rolamento,BPFI_03,0,188,362,829,305,28587,30146,-7248,21668,-14161,True,True,True,True,True
441,0.017238221252856612,desgaste_rolamento,BPFI_03,0,1284,-259,1761,1883,28587,30146,-7683,22584,-14786,True,True,True,True,True
442,0.01727728375285661,desgaste_rolamento,BPFI_03,0,262,416,1633,3627,28587,30146,-8444,23316,-14577,True,True,True,True,True
443,0.01731634625285661,desgaste_rolamento,BPFI_03,0,-497,871,825,1950,28587,30146,-8605,24112,-16174,True,True,True,True,True
444,0.017355408752856613,desgaste_rolamento,BPFI_03,0,809,-187,324,-902,28587,30146,-7621,23587,-17175,True,True,True,True,True
445,0.017394471252856612,desgaste_rolamento,BPFI_03,0,-107,-397,-1264,217,28587,30146,-6135,22321,-16346,True,True,True,True,True
446,0.01743353375285661,desgaste_rolamento,BPFI_03,0,-801,-165,-1465,-2125,28587,30146,-6109,21376,-15233,True,True,True,True,True
447,0.01747259625285661,desgaste_rolamento,BPFI_03,0,-717,-887,-1458,-2019,28587,30146,-5689,20528,-14531,True,True,True,True,True
448,0.017511658752856613,desgaste_rolamento,BPFI_03,0,153,-1164,-3121,1987,28587,30146,-4651,20295,-15502,True,True,True,True,True
449,0.017550721252856612,desgaste_rolamento,BPFI_03,0,286,-596,-2694,-2315,28587,30146,-4297,21584,-17249,True,True,True,True,True
450,0.01758978375285661,desgaste_rolamento,BPFI_03,0,-37,-343,-1231,-3120,28587,30146,-5244,22517,-17477,True,True,True,True,True
451,0.01762884625285661,desgaste_rolamento,BPFI_03,0,995,-954,-480,-957,28587,30146,-6347,23339,-17234,True,True,True,True,True
452,0.017667908752856613,desgaste_rolamento,BPFI_03,0,1309,-1016,633,-4013,28587,30146,-5181,23646,-18331,True,True,True,True,True
453,0.017706971252856613,desgaste_rolamento,BPFI_03,0,-171,-432,1214,-464,28587,30146,-3465,22047,-18468,True,True,True,True,True
454,0.01774603375285661,desgaste_rolamento,BPFI_03,0,129,-112,2299,2782,28587,30146,-3459,21288,-17604,True,True,True,True,True
455,0.01778509625285661,desgaste_rolamento,BPFI_03,0,-353,175,3212,-807,28587,30146,-3943,20794,-16498,True,True,True,True,True
456,0.017824158752856614,desgaste_rolamento,BPFI_03,0,-1379,1389,1766,1246,28587,30146,-2500,19635,-16934,True,True,True,True,True
457,0.017863221252856613,desgaste_rolamento,BPFI_03,0,-1779,1972,1488,1051,28587,30146,-1550,19822,-18166,True,True,True,True,True
458,0.017902283752856612,desgaste_rolamento,BPFI_03,0,-604,1151,1673,-1624,28587,30146,-2046,21099,-18922,True,True,True,True,True
459,0.01794134625285661,desgaste_rolamento,BPFI_03,0,-439,764,-215,3033,28587,30146,-3202,22086,-18580,True,True,True,True,True
460,0.017980408752856614,desgaste_rolamento,BPFI_03,0,-1031,744,-985,2431,28587,30146,-3091,22517,-19120,True,True,True,True,True
461,0.018019471252856613,desgaste_rolamento,BPFI_03,0,-136,-114,19,-1347,28587,30146,-1562,21602,-19644,True,True,True,True,True
462,0.018058533752856612,desgaste_rolamento,BPFI_03,0,1631,-595,-1474,2626,28587,30146,-704,20461,-19753,True,True,True,True,True
463,0.01809759625285661,desgaste_rolamento,BPFI_03,0,899,-44,-2038,1419,28587,30146,-1343,20084,-18757,True,True,True,True,True
464,0.01813665875285661,desgaste_rolamento,BPFI_03,0,1049,42,-1649,-1877,28587,30146,-1417,19646,-17869,True,True,True,True,True
465,0.018175721252856613,desgaste_rolamento,BPFI_03,0,2326,-667,-2717,1220,28587,30146,237,18593,-18498,True,True,True,True,True
466,0.018214783752856612,desgaste_rolamento,BPFI_03,0,633,-328,-2114,-2049,28587,30146,1020,19140,-19839,True,True,True,True,True
467,0.01825384625285661,desgaste_rolamento,BPFI_03,0,-602,333,-732,-4663,28587,30146,-414,20541,-19713,True,True,True,True,True
468,0.01829290875285661,desgaste_rolamento,BPFI_03,0,139,-631,-254,-3193,28587,30146,-1685,20843,-18873,True,True,True,True,True
469,0.018331971252856613,desgaste_rolamento,BPFI_03,0,-860,-448,627,-3171,28587,30146,-409,20549,-20022,True,True,True,True,True
470,0.018371033752856612,desgaste_rolamento,BPFI_03,0,-1825,479,1228,1779,28587,30146,1323,19397,-20487,True,True,True,True,True
471,0.01841009625285661,desgaste_rolamento,BPFI_03,0,-1497,-71,2312,3357,28587,30146,1282,19144,-19978,True,True,True,True,True
472,0.01844915875285661,desgaste_rolamento,BPFI_03,0,-2120,-229,2770,-64,28587,30146,409,19114,-19072,True,True,True,True,True
473,0.018488221252856613,desgaste_rolamento,BPFI_03,0,-2767,338,2431,761,28587,30146,1525,18240,-19529,True,True,True,True,True
474,0.018527283752856612,desgaste_rolamento,BPFI_03,0,5519,-3556,1746,205,28587,30146,3257,18114,-20125,True,True,True,True,True
475,0.01856634625285661,desgaste_rolamento,BPFI_03,0,4200,-1132,2032,-1382,28587,30146,3148,18834,-20456,True,True,True,True,True
476,0.01860540875285661,desgaste_rolamento,BPFI_03,0,2486,2424,659,2681,28587,30146,916,19100,-20606,True,True,True,True,True
477,0.018644471252856613,desgaste_rolamento,BPFI_03,0,5322,-1807,-959,2461,28587,30146,931,18874,-20767,True,True,True,True,True
478,0.018683533752856613,desgaste_rolamento,BPFI_03,0,-303,1116,-1226,-791,28587,30146,3017,18428,-21243,True,True,True,True,True
479,0.01872259625285661,desgaste_rolamento,BPFI_03,0,-4823,4918,-2412,2783,28587,30146,3905,17950,-21695,True,True,True,True,True
480,0.01876165875285661,desgaste_rolamento,BPFI_03,0,-1000,-732,-2344,3340,28587,30146,3211,18243,-20690,True,True,True,True,True
481,0.018800721252856614,desgaste_rolamento,BPFI_03,0,-2264,-297,-837,2239,28587,30146,2944,18266,-20072,True,True,True,True,True
482,0.018839783752856613,desgaste_rolamento,BPFI_03,0,-4686,2397,-655,2144,28587,30146,4282,17337,-21365,True,True,True,True,True
483,0.018878846252856612,desgaste_rolamento,BPFI_03,0,-3031,-1157,-1017,-3380,28587,30146,5619,17204,-22665,True,True,True,True,True
484,0.01891790875285661,desgaste_rolamento,BPFI_03,0,-879,-1499,416,-2653,28587,30146,4683,17951,-22247,True,True,True,True,True
485,0.018956971252856614,desgaste_rolamento,BPFI_03,0,-3352,1807,323,2528,28587,30146,3349,18019,-20826,True,True,True,True,True
486,0.018996033752856613,desgaste_rolamento,BPFI_03,0,526,-1520,949,500,28587,30146,4656,17188,-21521,True,True,True,True,True
487,0.019035096252856612,desgaste_rolamento,BPFI_03,0,4514,-2400,982,2390,28587,30146,6279,16479,-22707,True,True,True,True,True
488,0.01907415875285661,desgaste_rolamento,BPFI_03,0,3753,408,-536,-231,28587,30146,6082,16622,-22458,True,True,True,True,True
489,0.01911322125285661,desgaste_rolamento,BPFI_03,0,4891,-974,237,-9255,28587,30146,4702,17052,-21466,True,True,True,True,True
490,0.019152283752856613,desgaste_rolamento,BPFI_03,0,4695,-1294,-72,-6208,28587,30146,5501,16603,-22033,True,True,True,True,True
491,0.019191346252856612,desgaste_rolamento,BPFI_03,0,-1118,1698,185,-475,28587,30146,7301,16030,-23224,True,True,True,True,True
492,0.01923040875285661,desgaste_rolamento,BPFI_03,0,-1438,234,2947,676,28587,30146,7491,15869,-23361,True,True,True,True,True
493,0.01926947125285661,desgaste_rolamento,BPFI_03,0,-3065,-845,2816,3818,28587,30146,5691,15819,-21581,True,True,True,True,True
494,0.019308533752856613,desgaste_rolamento,BPFI_03,0,-4715,1027,1369,1488,28587,30146,5510,15446,-20772,True,True,True,True,True
495,0.019347596252856612,desgaste_rolamento,BPFI_03,0,-2773,-61,3528,-2683,28587,30146,7299,15029,-22047,True,True,True,True,True
496,0.01938665875285661,desgaste_rolamento,BPFI_03,0,-29,-753,1665,1160,28587,30146,8396,14575,-23147,True,True,True,True,True
497,0.01942572125285661,desgaste_rolamento,BPFI_03,0,481,1494,-698,1691,28587,30146,9528,14971,-22593,True,True,True,True,True
498,0.019464783752856613,desgaste_rolamento,BPFI_03,0,2708,1301,-1780,2143,28587,30146,9503,15439,-22085,True,True,True,True,True
499,0.019503846252856612,desgaste_rolamento,BPFI_03,0,3618,-76,-3515,5607,28587,30146,9000,14888,-23585,True,True,True,True,True
500,0.01954290875285661,desgaste_rolamento,BPFI_03,0,1846,1387,-4082,2618,28587,30146,10174,13977,-23996,True,True,True,True,True
501,0.01958197125285661,desgaste_rolamento,BPFI_03,0,973,1025,-3716,1036,28587,30146,9006,14050,-22893,True,True,True,True,True
502,0.019621033752856613,desgaste_rolamento,BPFI_03,0,2338,-1397,-4175,123,28587,30146,6852,13941,-21481,True,True,True,True,True
503,0.019660096252856613,desgaste_rolamento,BPFI_03,0,-68,-238,-1787,-3722,28587,30146,7503,12765,-21242,True,True,True,True,True
504,0.01969915875285661,desgaste_rolamento,BPFI_03,0,-1565,639,-655,-1516,28587,30146,9693,12610,-22237,True,True,True,True,True
505,0.01973822125285661,desgaste_rolamento,BPFI_03,0,-1001,-1626,564,-846,28587,30146,10070,12896,-22630,True,True,True,True,True
506,0.019777283752856614,desgaste_rolamento,BPFI_03,0,-2936,-830,3627,-4041,28587,30146,9448,13500,-22605,True,True,True,True,True
507,0.019816346252856613,desgaste_rolamento,BPFI_03,0,-5032,842,4088,-233,28587,30146,10519,13216,-23683,True,True,True,True,True
508,0.019855408752856612,desgaste_rolamento,BPFI_03,0,-2326,-1076,4029,-858,28587,30146,12300,12312,-24983,True,True,True,True,True
509,0.01989447125285661,desgaste_rolamento,BPFI_03,0,-63,-1022,4842,-3271,28587,30146,12303,11734,-24227,True,True,True,True,True
510,0.019933533752856614,desgaste_rolamento,BPFI_03,0,152,981,1541,38,28587,30146,10469,11836,-21957,True,True,True,True,True
511,0.019972596252856613,desgaste_rolamento,BPFI_03,0,3258,98,-461,-592,28587,30146,9727,11278,-20777,True,True,True,True,True
512,0.020011658752856612,desgaste_rolamento,BPFI_03,0,4989,-844,-1937,-701,28587,30146,10959,10538,-21177,True,True,True,True,True
513,0.02005072125285661,desgaste_rolamento,BPFI_03,0,2655,368,-3633,3196,28587,30146,12809,10218,-22742,True,True,True,True,True
514,0.02008978375285661,desgaste_rolamento,BPFI_03,0,924,70,-3612,1710,28587,30146,12990,11011,-22933,True,True,True,True,True
515,0.020128846252856613,desgaste_rolamento,BPFI_03,0,288,-880,-3027,1151,28587,30146,12609,11805,-23213,True,True,True,True,True
516,0.020167908752856612,desgaste_rolamento,BPFI_03,0,-1220,-73,-1382,973,28587,30146,14221,11249,-25383,True,True,True,True,True
517,0.02020697125285661,desgaste_rolamento,BPFI_03,0,-1350,492,689,-740,28587,30146,14983,10171,-25215,True,True,True,True,True
518,0.02024603375285661,desgaste_rolamento,BPFI_03,0,-54,-20,920,1130,28587,30146,13340,9870,-23185,True,True,True,True,True
519,0.020285096252856613,desgaste_rolamento,BPFI_03,0,-76,444,1522,2600,28587,30146,11775,9920,-21493,True,True,True,True,True
520,0.020324158752856612,desgaste_rolamento,BPFI_03,0,-971,1057,2581,1742,28587,30146,12069,8597,-20399,True,True,True,True,True
521,0.02036322125285661,desgaste_rolamento,BPFI_03,0,-1677,889,1200,4772,28587,30146,13520,8078,-21347,True,True,True,True,True
522,0.02040228375285661,desgaste_rolamento,BPFI_03,0,-1323,239,804,1940,28587,30146,14209,8497,-22488,True,True,True,True,True
523,0.020441346252856613,desgaste_rolamento,BPFI_03,0,-856,117,-155,-1745,28587,30146,14007,9238,-23229,True,True,True,True,True
524,0.020480408752856612,desgaste_rolamento,BPFI_03,0,-609,315,-1385,272,28587,30146,15323,9409,-24755,True,True,True,True,True
525,0.02051947125285661,desgaste_rolamento,BPFI_03,0,672,-385,-866,-287,28587,30146,16576,8573,-25272,True,True,True,True,True
526,0.02055853375285661,desgaste_rolamento,BPFI_03,0,1543,-1063,-368,-1274,28587,30146,16257,7510,-23390,True,True,True,True,True
527,0.020597596252856613,desgaste_rolamento,BPFI_03,0,-277,-595,-708,-2455,28587,30146,14893,7438,-21611,True,True,True,True,True
528,0.020636658752856613,desgaste_rolamento,BPFI_03,0,-1212,-628,488,-6565,28587,30146,13832,6850,-20326,True,True,True,True,True
529,0.02067572125285661,desgaste_rolamento,BPFI_03,0,-621,-1119,948,-6152,28587,30146,14589,5799,-19915,True,True,True,True,True
530,0.02071478375285661,desgaste_rolamento,BPFI_03,0,-1220,-316,1813,-2528,28587,30146,16305,5511,-21368,True,True,True,True,True
531,0.020753846252856614,desgaste_rolamento,BPFI_03,0,-820,409,2663,94,28587,30146,16562,6082,-22388,True,True,True,True,True
532,0.020792908752856613,desgaste_rolamento,BPFI_03,0,1410,82,652,3522,28587,30146,16572,6930,-23336,True,True,True,True,True
533,0.020831971252856612,desgaste_rolamento,BPFI_03,0,2208,322,739,2896,28587,30146,18072,6478,-24503,True,True,True,True,True
534,0.02087103375285661,desgaste_rolamento,BPFI_03,0,1121,910,473,837,28587,30146,18440,5028,-23485,True,True,True,True,True
535,0.020910096252856614,desgaste_rolamento,BPFI_03,0,1667,415,-2695,2035,28587,30146,17191,4734,-22020,True,True,True,True,True
536,0.020949158752856613,desgaste_rolamento,BPFI_03,0,1711,-106,-4037,2553,28587,30146,16057,4990,-21032,True,True,True,True,True
537,0.020988221252856612,desgaste_rolamento,BPFI_03,0,345,324,-3477,3128,28587,30146,16173,3610,-19562,True,True,True,True,True
538,0.02102728375285661,desgaste_rolamento,BPFI_03,0,-130,552,-3080,2604,28587,30146,17309,2700,-19641,True,True,True,True,True
539,0.02106634625285661,desgaste_rolamento,BPFI_03,0,474,-166,-2101,474,28587,30146,18128,3147,-21054,True,True,True,True,True
540,0.021105408752856613,desgaste_rolamento,BPFI_03,0,-760,126,468,-2234,28587,30146,17949,4214,-22137,True,True,True,True,True
541,0.021144471252856612,desgaste_rolamento,BPFI_03,0,-1998,677,2182,-3354,28587,30146,19232,4594,-23143,True,True,True,True,True
542,0.02118353375285661,desgaste_rolamento,BPFI_03,0,-1835,192,3609,-1949,28587,30146,20274,3350,-22823,True,True,True,True,True
543,0.02122259625285661,desgaste_rolamento,BPFI_03,0,-852,-375,3419,1060,28587,30146,19845,2090,-21356,True,True,True,True,True
544,0.021261658752856613,desgaste_rolamento,BPFI_03,0,-1807,156,2889,-754,28587,30146,18692,2489,-20617,True,True,True,True,True
545,0.021300721252856612,desgaste_rolamento,BPFI_03,0,-1333,283,1264,-1969,28587,30146,17853,2156,-19823,True,True,True,True,True
546,0.02133978375285661,desgaste_rolamento,BPFI_03,0,740,-470,-338,391,28587,30146,18415,322,-18562,True,True,True,True,True
547,0.02137884625285661,desgaste_rolamento,BPFI_03,0,1207,-879,-956,-2821,28587,30146,19763,-489,-19216,True,True,True,True,True
548,0.021417908752856613,desgaste_rolamento,BPFI_03,0,736,-499,-2169,-3167,28587,30146,19647,971,-20626,True,True,True,True,True
549,0.021456971252856612,desgaste_rolamento,BPFI_03,0,1341,-762,-2890,697,28587,30146,19458,2404,-21848,True,True,True,True,True
550,0.02149603375285661,desgaste_rolamento,BPFI_03,0,1364,-1104,-1691,-1104,28587,30146,20928,1418,-22265,True,True,True,True,True
551,0.02153509625285661,desgaste_rolamento,BPFI_03,0,193,-200,-1193,-207,28587,30146,21125,-293,-20609,True,True,True,True,True
552,0.021574158752856613,desgaste_rolamento,BPFI_03,0,-611,670,-1956,2693,28587,30146,20413,-401,-19925,True,True,True,True,True
553,0.021613221252856613,desgaste_rolamento,BPFI_03,0,519,-14,-795,-1339,28587,30146,19356,219,-19527,True,True,True,True,True
554,0.02165228375285661,desgaste_rolamento,BPFI_03,0,695,-17,692,-251,28587,30146,19504,-795,-18472,True,True,True,True,True
555,0.02169134625285661,desgaste_rolamento,BPFI_03,0,-705,837,1426,3213,28587,30146,20063,-2449,-17978,True,True,True,True,True
556,0.021730408752856614,desgaste_rolamento,BPFI_03,0,229,11,2351,1791,28587,30146,20458,-2361,-18732,True,True,True,True,True
557,0.021769471252856613,desgaste_rolamento,BPFI_03,0,1073,-551,1629,4168,28587,30146,20482,-427,-20038,True,True,True,True,True
558,0.021808533752856612,desgaste_rolamento,BPFI_03,0,-1374,920,551,4174,28587,30146,20738,-268,-20506,True,True,True,True,True
559,0.02184759625285661,desgaste_rolamento,BPFI_03,0,-853,866,627,-189,28587,30146,21419,-1977,-19671,True,True,True,True,True
560,0.021886658752856614,desgaste_rolamento,BPFI_03,0,603,-277,209,2125,28587,30146,21931,-2828,-18558,True,True,True,True,True
561,0.021925721252856613,desgaste_rolamento,BPFI_03,0,-938,672,248,466,28587,30146,19317,-541,-20232,True,True,True,True,True
562,0.021964783752856612,desgaste_rolamento,BPFI_03,0,-1522,722,1190,-2493,28587,30146,18279,-330,-20292,True,True,True,True,True
563,0.02200384625285661,desgaste_rolamento,BPFI_03,0,246,-733,748,1478,28587,30146,20891,-3554,-17407,True,True,True,True,True
564,0.02204290875285661,desgaste_rolamento,BPFI_03,0,-704,-354,1446,-741,28587,30146,22041,-4725,-17255,True,True,True,True,True
565,0.022081971252856613,desgaste_rolamento,BPFI_03,0,-3153,494,1261,-3420,28587,30146,21656,-3574,-18045,True,True,True,True,True
566,0.022121033752856612,desgaste_rolamento,BPFI_03,0,-2016,-562,-621,-44,28587,30146,20845,-2194,-18737,True,True,True,True,True
567,0.02216009625285661,desgaste_rolamento,BPFI_03,0,-5267,-1548,-518,-2911,28587,30146,21747,-3355,-18466,True,True,True,True,True
568,0.02219915875285661,desgaste_rolamento,BPFI_03,0,982,-820,-269,-4199,28587,30146,22609,-5086,-17523,True,True,True,True,True
569,0.022238221252856613,desgaste_rolamento,BPFI_03,0,10698,2171,-2449,-983,28587,30146,22360,-5048,-17467,True,True,True,True,True
570,0.022277283752856612,desgaste_rolamento,BPFI_03,0,5052,1411,-2783,-2845,28587,30146,21361,-3851,-17780,True,True,True,True,True
571,0.02231634625285661,desgaste_rolamento,BPFI_03,0,9216,111,-2371,1003,28587,30146,21689,-4457,-17218,True,True,True,True,True
572,0.02235540875285661,desgaste_rolamento,BPFI_03,0,1458,-917,-1755,3599,28587,30146,22762,-6177,-16393,True,True,True,True,True
573,0.022394471252856613,desgaste_rolamento,BPFI_03,0,-5578,-2277,-642,-325,28587,30146,22945,-6530,-16362,True,True,True,True,True
574,0.022433533752856612,desgaste_rolamento,BPFI_03,0,-2400,-2263,-775,663,28587,30146,22299,-4640,-16604,True,True,True,True,True
575,0.02247259625285661,desgaste_rolamento,BPFI_03,0,-5098,794,-109,-284,28587,30146,22268,-4564,-16469,True,True,True,True,True
576,0.02251165875285661,desgaste_rolamento,BPFI_03,0,-3355,723,4702,-2558,28587,30146,23087,-6892,-16166,True,True,True,True,True
577,0.022550721252856613,desgaste_rolamento,BPFI_03,0,-1890,276,2909,5602,28585,30139,23982,-8137,-15710,True,True,True,True,True
578,0.022589783752856613,desgaste_rolamento,BPFI_03,0,-4630,1339,-1750,5063,28584,30132,23193,-6730,-16251,True,True,True,True,True
579,0.02262884625285661,desgaste_rolamento,BPFI_03,0,-2462,1458,1629,-4184,28584,30132,22550,-6087,-16595,True,True,True,True,True
580,0.02266790875285661,desgaste_rolamento,BPFI_03,0,-2292,-1514,469,-1593,28584,30132,23830,-8212,-15859,True,True,True,True,True
581,0.022706971252856614,desgaste_rolamento,BPFI_03,0,2992,2376,-2923,-802,28584,30132,24510,-9830,-15100,True,True,True,True,True
582,0.022746033752856613,desgaste_rolamento,BPFI_03,0,3834,3002,-135,1106,28584,30132,23463,-8736,-15127,True,True,True,True,True
583,0.022785096252856612,desgaste_rolamento,BPFI_03,0,5802,-317,-1290,4026,28584,30132,21952,-6920,-15224,True,True,True,True,True
584,0.02282415875285661,desgaste_rolamento,BPFI_03,0,6602,-369,-3327,246,28584,30132,22201,-7923,-14475,True,True,True,True,True
585,0.022863221252856614,desgaste_rolamento,BPFI_03,0,438,-299,4,-2472,28584,30132,23550,-9718,-13904,True,True,True,True,True
586,0.022902283752856613,desgaste_rolamento,BPFI_03,0,-3281,-4068,2029,-3030,28584,30132,23786,-9812,-14157,True,True,True,True,True
587,0.022941346252856612,desgaste_rolamento,BPFI_03,0,-1515,-2140,1230,-4320,28584,30132,23362,-8868,-14765,True,True,True,True,True
588,0.02298040875285661,desgaste_rolamento,BPFI_03,0,-4053,-50,2084,2858,28584,30132,24127,-9685,-14518,True,True,True,True,True
589,0.02301947125285661,desgaste_rolamento,BPFI_03,0,-3688,-505,2831,3713,28584,30132,25576,-11601,-13972,True,True,True,True,True
590,0.023058533752856613,desgaste_rolamento,BPFI_03,0,1345,1207,2802,-2362,28584,30132,24787,-11666,-13313,True,True,True,True,True
591,0.023097596252856612,desgaste_rolamento,BPFI_03,0,1908,1516,758,4080,28584,30132,22311,-9449,-13109,True,True,True,True,True
592,0.02313665875285661,desgaste_rolamento,BPFI_03,0,1765,-63,887,-177,28584,30132,21520,-8831,-12864,True,True,True,True,True
593,0.02317572125285661,desgaste_rolamento,BPFI_03,0,2448,-261,-677,-4597,28584,30132,22330,-10412,-12113,True,True,True,True,True
594,0.023214783752856613,desgaste_rolamento,BPFI_03,0,2790,49,-3696,4429,28584,30132,23762,-12295,-11582,True,True,True,True,True
595,0.023253846252856612,desgaste_rolamento,BPFI_03,0,176,-446,-2817,1276,28584,30132,23753,-11379,-12304,True,True,True,True,True
596,0.02329290875285661,desgaste_rolamento,BPFI_03,0,-268,474,-1521,-91,28584,30132,23765,-10778,-13016,True,True,True,True,True
597,0.02333197125285661,desgaste_rolamento,BPFI_03,0,-2021,536,-2657,5465,28584,30132,25457,-13261,-12401,True,True,True,True,True
598,0.023371033752856613,desgaste_rolamento,BPFI_03,0,-1378,-355,1598,-4120,28584,30132,25304,-14063,-11170,True,True,True,True,True
599,0.023410096252856612,desgaste_rolamento,BPFI_03,0,-3404,-939,487,-4682,28584,30132,23526,-12422,-10837,True,True,True,True,True
600,0.02344915875285661,desgaste_rolamento,BPFI_03,0,-3952,1152,318,2377,28584,30132,21665,-10803,-10924,True,True,True,True,True
601,0.02348822125285661,desgaste_rolamento,BPFI_03,0,-1478,-156,4446,-3104,28584,30132,21121,-11356,-10078,True,True,True,True,True
602,0.023527283752856613,desgaste_rolamento,BPFI_03,0,-1720,328,155,4095,28584,30132,22528,-12987,-9622,True,True,True,True,True
603,0.023566346252856613,desgaste_rolamento,BPFI_03,0,-1283,2721,1164,6373,28584,30132,23438,-13501,-9866,True,True,True,True,True
604,0.02360540875285661,desgaste_rolamento,BPFI_03,0,3439,890,3178,-1218,28584,30132,23775,-13174,-10762,True,True,True,True,True
605,0.02364447125285661,desgaste_rolamento,BPFI_03,0,3843,-1179,-1531,-304,28584,30132,25000,-14277,-10978,True,True,True,True,True
606,0.023683533752856614,desgaste_rolamento,BPFI_03,0,3284,83,-1408,-1475,28584,30132,25643,-15694,-10196,True,True,True,True,True
607,0.023722596252856613,desgaste_rolamento,BPFI_03,0,3822,-1924,-797,-4840,28584,30132,23922,-15411,-9191,True,True,True,True,True
608,0.023761658752856612,desgaste_rolamento,BPFI_03,0,1547,-2017,-3613,-3947,28584,30132,22094,-13644,-9106,True,True,True,True,True
609,0.02380072125285661,desgaste_rolamento,BPFI_03,0,-71,108,-3506,-954,28584,30132,20747,-12484,-8491,True,True,True,True,True
610,0.023839783752856614,desgaste_rolamento,BPFI_03,0,-1729,-92,-2387,-1030,28584,30132,20814,-13420,-7522,True,True,True,True,True
611,0.023878846252856613,desgaste_rolamento,BPFI_03,0,-981,22,-863,-3863,28584,30132,22637,-15283,-7398,True,True,True,True,True
612,0.023917908752856612,desgaste_rolamento,BPFI_03,0,-1403,604,274,-1850,28584,30132,23157,-14900,-8416,True,True,True,True,True
613,0.02395697125285661,desgaste_rolamento,BPFI_03,0,-1709,635,983,867,28584,30132,23906,-14808,-9394,True,True,True,True,True
614,0.023996033752856614,desgaste_rolamento,BPFI_03,0,111,-124,3237,231,28584,30132,25461,-16952,-8938,True,True,True,True,True
615,0.024035096252856613,desgaste_rolamento,BPFI_03,0,13,-376,3790,3617,28584,30132,24452,-17305,-7575,True,True,True,True,True
616,0.024074158752856612,desgaste_rolamento,BPFI_03,0,-1280,865,2034,7076,28584,30132,22626,-15752,-7010,True,True,True,True,True
617,0.02411322125285661,desgaste_rolamento,BPFI_03,0,-3,921,3282,3488,28584,30132,21473,-14536,-7019,True,True,True,True,True
618,0.02415228375285661,desgaste_rolamento,BPFI_03,0,1026,-597,2456,2138,28584,30132,20673,-14622,-5651,True,True,True,True,True
619,0.024191346252856613,desgaste_rolamento,BPFI_03,0,1273,239,-776,3040,28584,30132,21305,-15840,-4949,True,True,True,True,True
620,0.024230408752856612,desgaste_rolamento,BPFI_03,0,827,-1,-1313,-3033,28584,30132,22267,-16764,-5598,True,True,True,True,True
621,0.02426947125285661,desgaste_rolamento,BPFI_03,0,828,-615,-2898,-2489,28584,30132,23065,-16699,-6693,True,True,True,True,True
622,0.02430853375285661,desgaste_rolamento,BPFI_03,0,42,-103,-3941,-1347,28584,30132,24638,-17842,-7178,True,True,True,True,True
623,0.024347596252856613,desgaste_rolamento,BPFI_03,0,-2661,960,-2779,-5355,28584,30132,24329,-18726,-5987,True,True,True,True,True
624,0.024386658752856612,desgaste_rolamento,BPFI_03,0,-2213,623,-2277,-1496,28584,30132,22048,-18380,-4002,True,True,True,True,True
625,0.02442572125285661,desgaste_rolamento,BPFI_03,0,-237,-136,-261,1635,28584,30132,21213,-17087,-4284,True,True,True,True,True
626,0.02446478375285661,desgaste_rolamento,BPFI_03,0,-802,-6,2272,-332,28584,30132,20517,-16201,-4489,True,True,True,True,True
627,0.024503846252856613,desgaste_rolamento,BPFI_03,0,652,50,2272,4469,28584,30132,19890,-17039,-3024,True,True,True,True,True
628,0.024542908752856613,desgaste_rolamento,BPFI_03,0,2129,-1374,4039,1105,28584,30132,20826,-18508,-2491,True,True,True,True,True
629,0.02458197125285661,desgaste_rolamento,BPFI_03,0,707,-771,4020,-3067,28584,30132,21663,-18366,-3749,True,True,True,True,True
630,0.02462103375285661,desgaste_rolamento,BPFI_03,0,1334,-10,197,3392,28584,30132,22690,-18326,-4900,True,True,True,True,True
631,0.024660096252856614,desgaste_rolamento,BPFI_03,0,649,-652,639,397,28584,30132,23148,-19563,-3835,True,True,True,True,True
632,0.024699158752856613,desgaste_rolamento,BPFI_03,0,-128,-590,-1204,-206,28584,30132,21723,-19854,-2083,True,True,True,True,True
633,0.024738221252856612,desgaste_rolamento,BPFI_03,0,350,-13,-3812,2875,28584,30132,20846,-19221,-1936,True,True,True,True,True
634,0.02477728375285661,desgaste_rolamento,BPFI_03,0,-1056,166,-2221,-4794,28584,30132,20314,-18321,-2384,True,True,True,True,True
635,0.024816346252856614,desgaste_rolamento,BPFI_03,0,-837,246,-1868,-5149,28584,30132,19349,-18430,-1312,True,True,True,True,True
636,0.024855408752856613,desgaste_rolamento,BPFI_03,0,-21,560,-2255,1331,28584,30132,19281,-19364,-137,True,True,True,True,True
637,0.024894471252856612,desgaste_rolamento,BPFI_03,0,-1993,1133,902,-1646,28584,30132,20280,-20175,-329,True,True,True,True,True
638,0.02493353375285661,desgaste_rolamento,BPFI_03,0,-981,892,2077,4061,28584,30132,21350,-19995,-1821,True,True,True,True,True
639,0.024972596252856614,desgaste_rolamento,BPFI_03,0,-19,-77,1542,7012,28584,30132,21782,-20143,-2118,True,True,True,True,True
640,0.025011658752856613,desgaste_rolamento,BPFI_03,0,367,288,2512,-2953,28584,30132,21046,-20688,-577,True,True,True,True,True
641,0.025050721252856612,desgaste_rolamento,BPFI_03,0,750,43,656,197,28584,30132,19786,-21054,942,True,True,True,True,True
642,0.02508978375285661,desgaste_rolamento,BPFI_03,0,868,-471,-817,1497,28584,30132,19486,-20170,55,True,True,True,True,True
643,0.02512884625285661,desgaste_rolamento,BPFI_03,0,1572,-257,-896,-3005,28584,30132,19231,-19369,-329,True,True,True,True,True
644,0.025167908752856613,desgaste_rolamento,BPFI_03,0,391,367,-2857,1901,28584,30132,18228,-20060,1608,True,True,True,True,True
645,0.025206971252856612,desgaste_rolamento,BPFI_03,0,-284,-77,-2777,-1461,28584,30132,18454,-21322,2515,True,True,True,True,True
646,0.02524603375285661,desgaste_rolamento,BPFI_03,0,1232,-668,-1098,-7311,28584,30132,19473,-21184,1153,True,True,True,True,True
647,0.02528509625285661,desgaste_rolamento,BPFI_03,0,-568,-338,-956,-1613,28584,30132,20258,-20618,-68,True,True,True,True,True
648,0.025324158752856613,desgaste_rolamento,BPFI_03,0,-1090,-121,709,-2158,28584,30132,19977,-21346,1061,True,True,True,True,True
649,0.025363221252856612,desgaste_rolamento,BPFI_03,0,1183,-980,2695,-1337,28584,30132,18781,-22003,2863,True,True,True,True,True
650,0.02540228375285661,desgaste_rolamento,BPFI_03,0,87,-128,1559,5203,28584,30132,18546,-21759,2942,True,True,True,True,True
651,0.02544134625285661,desgaste_rolamento,BPFI_03,0,-52,535,2425,1423,28584,30132,18642,-20945,2017,True,True,True,True,True
652,0.025480408752856613,desgaste_rolamento,BPFI_03,0,730,-187,2344,-1156,28584,30132,18044,-21207,2701,True,True,True,True,True
653,0.025519471252856613,desgaste_rolamento,BPFI_03,0,467,-299,-58,703,28584,30132,17238,-22093,4417,True,True,True,True,True
654,0.02555853375285661,desgaste_rolamento,BPFI_03,0,-1106,658,-1380,-2388,28584,30132,17720,-22667,4650,True,True,True,True,True
655,0.02559759625285661,desgaste_rolamento,BPFI_03,0,-58,-198,-1295,1702,28584,30132,19014,-22365,2546,True,True,True,True,True
656,0.025636658752856614,desgaste_rolamento,BPFI_03,0,-321,-184,-1386,2863,28584,30132,18813,-22221,2341,True,True,True,True,True
657,0.025675721252856613,desgaste_rolamento,BPFI_03,0,407,-178,-507,-341,28584,30132,17816,-22952,4540,True,True,True,True,True
658,0.025714783752856612,desgaste_rolamento,BPFI_03,0,-2407,1034,-907,5118,28584,30132,17142,-23771,5670,True,True,True,True,True
659,0.02575384625285661,desgaste_rolamento,BPFI_03,0,2866,-1573,524,1187,28584,30132,17500,-22932,4313,True,True,True,True,True
660,0.025792908752856614,desgaste_rolamento,BPFI_03,0,-910,-209,2131,-3727,28584,30132,17742,-22169,3840,True,True,True,True,True
661,0.025831971252856613,desgaste_rolamento,BPFI_03,0,11523,-7797,-389,3458,28584,30132,16984,-23108,5755,True,True,True,True,True
662,0.025871033752856612,desgaste_rolamento,BPFI_03,0,-11089,9008,880,-1702,28584,30132,16300,-24194,7613,True,True,True,True,True
663,0.02591009625285661,desgaste_rolamento,BPFI_03,0,-19054,18654,1532,-4157,28584,30132,16739,-23823,6757,True,True,True,True,True
664,0.025949158752856614,desgaste_rolamento,BPFI_03,0,25736,-17152,-1454,3837,28584,30132,17180,-22557,5130,True,True,True,True,True
665,0.025988221252856613,desgaste_rolamento,BPFI_03,0,-3734,2769,-1226,-514,28584,30132,16524,-22871,6146,True,True,True,True,True
666,0.026027283752856612,desgaste_rolamento,BPFI_03,0,-28109,17403,-633,-498,28584,30132,15812,-24157,8016,True,True,True,True,True
667,0.02606634625285661,desgaste_rolamento,BPFI_03,0,20326,-23812,-1862,3510,28584,30132,15863,-24264,8101,True,True,True,True,True
668,0.02610540875285661,desgaste_rolamento,BPFI_03,0,4857,-10467,694,-2910,28584,30132,16373,-23454,6838,True,True,True,True,True
669,0.026144471252856613,desgaste_rolamento,BPFI_03,0,-19556,15051,1186,-3062,28584,30132,16102,-23855,7349,True,True,True,True,True
670,0.026183533752856612,desgaste_rolamento,BPFI_03,0,10520,-9431,-233,-1740,28584,30132,15426,-25164,9297,True,True,True,True,True
671,0.02622259625285661,desgaste_rolamento,BPFI_03,0,15559,-7427,940,-1764,28584,30132,15122,-25279,9867,True,True,True,True,True
672,0.02626165875285661,desgaste_rolamento,BPFI_03,0,-13676,14443,1619,4586,28584,30132,15202,-23825,7793,True,True,True,True,True
673,0.026300721252856613,desgaste_rolamento,BPFI_03,0,6930,-2494,655,1320,28584,30132,14926,-22845,7010,True,True,True,True,True
674,0.026339783752856612,desgaste_rolamento,BPFI_03,0,11173,-7812,-998,-4656,28584,30132,14298,-23441,8747,True,True,True,True,True
675,0.02637884625285661,desgaste_rolamento,BPFI_03,0,-6850,11437,-2074,-2790,28584,30132,13743,-24714,10606,True,True,True,True,True
676,0.02641790875285661,desgaste_rolamento,BPFI_03,0,-4567,6065,-1661,-4200,28584,30132,14321,-24421,9526,True,True,True,True,True
677,0.026456971252856613,desgaste_rolamento,BPFI_03,0,6791,-3472,541,5917,28584,30132,14857,-24141,8662,True,True,True,True,True
678,0.026496033752856613,desgaste_rolamento,BPFI_03,0,-10122,5534,-210,13904,28584,30132,14331,-25396,10654,True,True,True,True,True
679,0.02653509625285661,desgaste_rolamento,BPFI_03,0,-3535,-590,693,-347,28584,30132,13564,-26096,12288,True,True,True,True,True
680,0.02657415875285661,desgaste_rolamento,BPFI_03,0,1168,-10588,-106,-1992,28584,30132,13551,-25106,11059,True,True,True,True,True
681,0.026613221252856614,desgaste_rolamento,BPFI_03,0,-2752,-1635,779,1691,28584,30132,13398,-22931,8816,True,True,True,True,True
682,0.026652283752856613,desgaste_rolamento,BPFI_03,0,1035,-791,1266,-5866,28584,30132,12651,-22443,9277,True,True,True,True,True
683,0.026691346252856612,desgaste_rolamento,BPFI_03,0,7251,-3872,-3013,2726,28584,30132,12145,-23778,11143,True,True,True,True,True
684,0.02673040875285661,desgaste_rolamento,BPFI_03,0,-2260,6549,-1049,8336,28584,30132,12182,-24524,11764,True,True,True,True,True
685,0.026769471252856614,desgaste_rolamento,BPFI_03,0,3625,4558,-2141,-3166,28584,30132,12930,-24510,11155,True,True,True,True,True
686,0.026808533752856613,desgaste_rolamento,BPFI_03,0,4455,-3502,-4385,-7013,28584,30132,12955,-25317,11969,True,True,True,True,True
687,0.026847596252856612,desgaste_rolamento,BPFI_03,0,-7274,2876,-363,-7111,28584,30132,12417,-27039,14186,True,True,True,True,True
688,0.02688665875285661,desgaste_rolamento,BPFI_03,0,-4754,1849,1267,-9214,28584,30132,11900,-26089,14505,True,True,True,True,True
689,0.026925721252856614,desgaste_rolamento,BPFI_03,0,6884,-7571,1608,-2214,28584,30132,11880,-23856,12034,True,True,True,True,True
690,0.026964783752856613,desgaste_rolamento,BPFI_03,0,-6131,1545,6332,3284,28584,30132,11218,-22336,10397,True,True,True,True,True
691,0.027003846252856612,desgaste_rolamento,BPFI_03,0,-4833,4510,7177,1124,28584,30132,10306,-22437,11451,True,True,True,True,True
692,0.02704290875285661,desgaste_rolamento,BPFI_03,0,9153,-6675,2093,-212,28584,30132,10090,-24168,13465,True,True,True,True,True
693,0.02708197125285661,desgaste_rolamento,BPFI_03,0,-273,-2221,3802,-1114,28584,30132,10934,-24400,13001,True,True,True,True,True
694,0.027121033752856613,desgaste_rolamento,BPFI_03,0,-6910,6573,-19,-1140,28584,30132,11611,-24844,12793,True,True,True,True,True
695,0.027160096252856612,desgaste_rolamento,BPFI_03,0,9569,-3404,-5470,435,28584,30132,11228,-26703,15007,True,True,True,True,True
696,0.02719915875285661,desgaste_rolamento,BPFI_03,0,6124,-2220,-4784,7144,28584,30132,10145,-26501,15809,True,True,True,True,True
697,0.02723822125285661,desgaste_rolamento,BPFI_03,0,-5198,8703,-5749,9975,28584,30132,9804,-24688,14313,True,True,True,True,True
698,0.027277283752856613,desgaste_rolamento,BPFI_03,0,1177,2415,-5256,5757,28584,30132,9810,-23084,12737,True,True,True,True,True
699,0.027316346252856612,desgaste_rolamento,BPFI_03,0,4744,-5740,-2703,7695,28584,30132,8632,-22178,12403,True,True,True,True,True
700,0.02735540875285661,desgaste_rolamento,BPFI_03,0,-7904,1821,-476,1420,28584,30132,7987,-22776,13612,True,True,True,True,True
701,0.02739447125285661,desgaste_rolamento,BPFI_03,0,-8941,2001,3317,-10779,28584,30132,8339,-23806,14763,True,True,True,True,True
702,0.027433533752856613,desgaste_rolamento,BPFI_03,0,3805,-6605,5905,-3924,28584,30132,9201,-24367,14622,True,True,True,True,True
703,0.027472596252856613,desgaste_rolamento,BPFI_03,0,1402,-1430,6037,-2148,28584,30132,9550,-25596,15548,True,True,True,True,True
704,0.02751165875285661,desgaste_rolamento,BPFI_03,0,-7982,7324,5617,-7484,28584,30132,8694,-26124,16886,True,True,True,True,True
705,0.02755072125285661,desgaste_rolamento,BPFI_03,0,3049,-518,1825,3121,28584,30132,7176,-24531,16826,True,True,True,True,True
706,0.027589783752856614,desgaste_rolamento,BPFI_03,0,6448,-3867,-1627,1203,28584,30132,7268,-23313,15084,True,True,True,True,True
707,0.027628846252856613,desgaste_rolamento,BPFI_03,0,-7108,5187,-2539,-5739,28584,30132,7289,-22302,14039,True,True,True,True,True
708,0.027667908752856612,desgaste_rolamento,BPFI_03,0,-1996,906,-6251,1945,28584,30132,6140,-21589,14828,True,True,True,True,True
709,0.02770697125285661,desgaste_rolamento,BPFI_03,0,9006,-7782,-4387,-2101,28584,30132,5710,-22559,16360,True,True,True,True,True
710,0.027746033752856614,desgaste_rolamento,BPFI_03,0,-105,407,-3159,585,28584,30132,6723,-23255,16285,True,True,True,True,True
711,0.027785096252856613,desgaste_rolamento,BPFI_03,0,-4470,3405,-1758,9791,28584,30132,7500,-24210,16365,True,True,True,True,True
712,0.027824158752856612,desgaste_rolamento,BPFI_03,0,6400,-5736,3275,-386,28584,30132,6872,-25267,17959,True,True,True,True,True
713,0.02786322125285661,desgaste_rolamento,BPFI_03,0,2796,-2092,3052,-1134,28584,30132,5517,-24337,18409,True,True,True,True,True
714,0.027902283752856614,desgaste_rolamento,BPFI_03,0,-7332,4676,1933,2366,28584,30132,5143,-23122,17491,True,True,True,True,True
715,0.027941346252856613,desgaste_rolamento,BPFI_03,0,729,-1048,5806,-9817,28584,30132,5378,-22320,16440,True,True,True,True,True
716,0.027980408752856612,desgaste_rolamento,BPFI_03,0,7349,-2327,2026,516,28584,30132,4393,-21232,16354,True,True,True,True,True
717,0.02801947125285661,desgaste_rolamento,BPFI_03,0,-2400,5399,-3175,9805,28584,30132,3274,-21166,17352,True,True,True,True,True
718,0.02805853375285661,desgaste_rolamento,BPFI_03,0,-1369,3743,446,-1650,28584,30132,3148,-22319,18426,True,True,True,True,True
719,0.028097596252856613,desgaste_rolamento,BPFI_03,0,6569,-1966,-3153,6040,28584,30132,4292,-23251,18246,True,True,True,True,True
720,0.028136658752856612,desgaste_rolamento,BPFI_03,0,-1321,1000,-4473,4192,28584,30132,4663,-23857,18825,True,True,True,True,True
721,0.02817572125285661,desgaste_rolamento,BPFI_03,0,-7613,2619,583,-9157,28584,30132,3391,-23499,19876,True,True,True,True,True
722,0.02821478375285661,desgaste_rolamento,BPFI_03,0,186,-3164,-495,1476,28584,30132,1785,-22274,20101,True,True,True,True,True
723,0.028253846252856613,desgaste_rolamento,BPFI_03,0,1501,-2983,49,3941,28584,30132,2342,-21848,18795,True,True,True,True,True
724,0.028292908752856612,desgaste_rolamento,BPFI_03,0,-4756,1701,4411,-4735,28584,30132,2643,-21326,17887,True,True,True,True,True
725,0.02833197125285661,desgaste_rolamento,BPFI_03,0,-1566,312,1417,1493,28584,30132,1049,-20254,18499,True,True,True,True,True
726,0.02837103375285661,desgaste_rolamento,BPFI_03,0,4142,-2260,1670,-3698,28584,30132,268,-20491,19864,True,True,True,True,True
727,0.028410096252856613,desgaste_rolamento,BPFI_03,0,-796,265,2046,-7423,28584,30132,1466,-21337,19783,True,True,True,True,True
728,0.028449158752856613,desgaste_rolamento,BPFI_03,0,-3669,1289,-1974,442,28584,30132,2569,-22682,19587,True,True,True,True,True
729,0.02848822125285661,desgaste_rolamento,BPFI_03,0,2445,-1496,-1602,-4570,28584,30132,1694,-22882,20472,True,True,True,True,True
730,0.02852728375285661,desgaste_rolamento,BPFI_03,0,3427,-1933,-2491,-1757,28584,30132,112,-21504,20962,True,True,True,True,True
731,0.028566346252856614,desgaste_rolamento,BPFI_03,0,-1550,1460,-4700,5216,28584,30132,-75,-20878,20629,True,True,True,True,True
732,0.028605408752856613,desgaste_rolamento,BPFI_03,0,802,1269,-1807,-1309,28584,30132,518,-20671,19539,True,True,True,True,True
733,0.028644471252856612,desgaste_rolamento,BPFI_03,0,4891,-1896,-951,2161,28584,30132,-202,-19915,19512,True,True,True,True,True
734,0.02868353375285661,desgaste_rolamento,BPFI_03,0,312,129,-1395,4577,28584,30132,-1830,-18891,20326,True,True,True,True,True
735,0.028722596252856614,desgaste_rolamento,BPFI_03,0,-4126,2896,3399,-3911,28584,30132,-2212,-19407,21045,True,True,True,True,True
736,0.028761658752856613,desgaste_rolamento,BPFI_03,0,1026,-380,3451,2577,28584,30132,-349,-20639,20669,True,True,True,True,True
737,0.028800721252856612,desgaste_rolamento,BPFI_03,0,1399,-929,3107,3169,28584,30132,3,-20925,20613,True,True,True,True,True
738,0.02883978375285661,desgaste_rolamento,BPFI_03,0,-5169,3777,3592,-607,28584,30132,-1768,-20284,21457,True,True,True,True,True
739,0.028878846252856614,desgaste_rolamento,BPFI_03,0,-1938,1913,553,8600,28584,30132,-3405,-19316,22234,True,True,True,True,True
740,0.028917908752856613,desgaste_rolamento,BPFI_03,0,4070,-3166,1187,1432,28584,30132,-2283,-19472,21348,True,True,True,True,True
741,0.028956971252856612,desgaste_rolamento,BPFI_03,0,-2052,-401,366,-5746,28584,30132,-1483,-19488,20575,True,True,True,True,True
742,0.02899603375285661,desgaste_rolamento,BPFI_03,0,-3981,1408,-2846,1807,28584,30132,-3118,-18710,21299,True,True,True,True,True
743,0.02903509625285661,desgaste_rolamento,BPFI_03,0,3587,-3853,-1403,-5586,28584,30132,-4789,-17967,22202,True,True,True,True,True
744,0.029074158752856613,desgaste_rolamento,BPFI_03,0,2447,-2737,-901,-6827,28584,30132,-3919,-18463,21887,True,True,True,True,True
745,0.029113221252856612,desgaste_rolamento,BPFI_03,0,-4312,2975,-2884,4561,28584,30132,-2534,-19436,21262,True,True,True,True,True
746,0.02915228375285661,desgaste_rolamento,BPFI_03,0,1072,-202,81,-2470,28584,30132,-3534,-19123,21854,True,True,True,True,True
747,0.02919134625285661,desgaste_rolamento,BPFI_03,0,5872,-3131,211,-2894,28584,30132,-5250,-18252,22934,True,True,True,True,True
748,0.029230408752856613,desgaste_rolamento,BPFI_03,0,-2226,2700,-1474,4857,28584,30132,-5319,-18110,23037,True,True,True,True,True
749,0.029269471252856612,desgaste_rolamento,BPFI_03,0,-2714,2446,2354,-3977,28584,30132,-4061,-18513,21958,True,True,True,True,True
750,0.02930853375285661,desgaste_rolamento,BPFI_03,0,5419,-3454,1695,-2977,28584,30132,-4463,-18197,22068,True,True,True,True,True
751,0.02934759625285661,desgaste_rolamento,BPFI_03,0,-446,215,-226,4496,28584,30132,-6272,-17444,23298,True,True,True,True,True
752,0.029386658752856613,desgaste_rolamento,BPFI_03,0,-5577,3703,1356,468,28584,30132,-7008,-17056,23493,True,True,True,True,True
753,0.029425721252856613,desgaste_rolamento,BPFI_03,0,3910,-2543,178,2711,28584,30132,-5134,-17593,22157,True,True,True,True,True
754,0.02946478375285661,desgaste_rolamento,BPFI_03,0,4371,-2447,-1848,3113,28584,30132,-4708,-17501,21833,True,True,True,True,True
755,0.02950384625285661,desgaste_rolamento,BPFI_03,0,-3059,3709,-800,-1353,28584,30132,-6649,-16656,22977,True,True,True,True,True
756,0.029542908752856614,desgaste_rolamento,BPFI_03,0,3883,-1721,-1541,1190,28584,30132,-8519,-16116,24186,True,True,True,True,True
757,0.029581971252856613,desgaste_rolamento,BPFI_03,0,1396,-5498,-650,-1147,28584,30132,-7306,-16617,23498,True,True,True,True,True
758,0.029621033752856612,desgaste_rolamento,BPFI_03,0,-14064,8096,53,-1044,28584,30132,-6386,-16943,22915,True,True,True,True,True
759,0.02966009625285661,desgaste_rolamento,BPFI_03,0,-6941,3502,-1177,4460,28584,30132,-8088,-16390,24008,True,True,True,True,True
760,0.029699158752856614,desgaste_rolamento,BPFI_03,0,5891,-5353,1556,592,28584,30132,-9790,-15689,24593,True,True,True,True,True
761,0.029738221252856613,desgaste_rolamento,BPFI_03,0,3075,2719,2208,100,28584,30132,-8713,-15603,23501,True,True,True,True,True
762,0.029777283752856612,desgaste_rolamento,BPFI_03,0,-3707,3448,565,1830,28584,30132,-6223,-15215,22266,True,True,True,True,True
763,0.02981634625285661,desgaste_rolamento,BPFI_03,0,7437,-3820,1407,-3936,28584,30132,-6840,-14689,22173,True,True,True,True,True
764,0.029855408752856614,desgaste_rolamento,BPFI_03,0,3080,-1303,-361,-2400,28584,30132,-9012,-14452,23009,True,True,True,True,True
765,0.029894471252856613,desgaste_rolamento,BPFI_03,0,-625,910,-2350,-2354,28584,30132,-9434,-14539,23572,True,True,True,True,True
766,0.029933533752856612,desgaste_rolamento,BPFI_03,0,1323,-929,439,-7431,28584,30132,-8598,-15167,23201,True,True,True,True,True
767,0.02997259625285661,desgaste_rolamento,BPFI_03,0,5782,-3322,-1636,-757,28584,30132,-9173,-15111,23755,True,True,True,True,True
768,0.03001165875285661,desgaste_rolamento,BPFI_03,0,1604,-296,-2416,1952,28584,30132,-11092,-14517,25251,True,True,True,True,True
769,0.030050721252856613,desgaste_rolamento,BPFI_03,0,-4255,1719,914,-3257,28584,30132,-12325,-13586,23310,True,True,True,True,True
770,0.030089783752856612,desgaste_rolamento,BPFI_03,0,-3010,-188,49,60,28584,30132,-10099,-13437,21392,True,True,True,True,True
771,0.03012884625285661,desgaste_rolamento,BPFI_03,0,-910,-1440,1099,-509,28584,30132,-8346,-13198,21241,True,True,True,True,True
772,0.03016790875285661,desgaste_rolamento,BPFI_03,0,-7895,2278,3439,-2164,28584,30132,-9677,-12503,21704,True,True,True,True,True
773,0.030206971252856613,desgaste_rolamento,BPFI_03,0,-4172,1642,928,8058,28584,30132,-11571,-12110,23113,True,True,True,True,True
774,0.030246033752856612,desgaste_rolamento,BPFI_03,0,5053,-1757,815,7327,28584,30132,-10971,-12876,23215,True,True,True,True,True
775,0.03028509625285661,desgaste_rolamento,BPFI_03,0,2566,-820,42,2026,28584,30132,-10664,-13398,23601,True,True,True,True,True
776,0.03032415875285661,desgaste_rolamento,BPFI_03,0,-1481,2928,-3139,2239,28584,30132,-12544,-12986,25148,True,True,True,True,True
777,0.030363221252856613,desgaste_rolamento,BPFI_03,0,4712,-402,-2057,-3854,28584,30132,-13325,-11923,24987,True,True,True,True,True
778,0.030402283752856613,desgaste_rolamento,BPFI_03,0,5173,-2932,-3025,-2346,28584,30132,-12035,-11568,23274,True,True,True,True,True
779,0.03044134625285661,desgaste_rolamento,BPFI_03,0,-3812,2605,-4247,186,28584,30132,-10541,-11568,21411,True,True,True,True,True
780,0.03048040875285661,desgaste_rolamento,BPFI_03,0,-4105,2950,-1532,-1510,28584,30132,-10651,-10864,20750,True,True,True,True,True
781,0.030519471252856614,desgaste_rolamento,BPFI_03,0,3731,-3413,178,551,28584,30132,-12083,-10383,21779,True,True,True,True,True
782,0.030558533752856613,desgaste_rolamento,BPFI_03,0,-2732,202,3188,274,28584,30132,-13027,-10395,23075,True,True,True,True,True
783,0.030597596252856612,desgaste_rolamento,BPFI_03,0,-6102,3542,5478,-955,28584,30132,-12640,-11176,23534,True,True,True,True,True
784,0.03063665875285661,desgaste_rolamento,BPFI_03,0,4227,-3764,4851,579,28584,30132,-13413,-11599,24590,True,True,True,True,True
785,0.030675721252856614,desgaste_rolamento,BPFI_03,0,3983,-3496,5000,-1606,28584,30132,-14853,-10860,25311,True,True,True,True,True
786,0.030714783752856613,desgaste_rolamento,BPFI_03,0,-4668,3285,2854,183,28584,30132,-14742,-9314,23687,True,True,True,True,True
787,0.030753846252856612,desgaste_rolamento,BPFI_03,0,1781,-619,-1237,474,28584,30132,-12933,-9107,22156,True,True,True,True,True
788,0.03079290875285661,desgaste_rolamento,BPFI_03,0,6534,-4160,-2003,-2862,28584,30132,-11908,-8930,20773,True,True,True,True,True
789,0.030831971252856614,desgaste_rolamento,BPFI_03,0,-1809,2514,-4113,838,28584,30132,-12912,-8217,20368,True,True,True,True,True
790,0.030871033752856613,desgaste_rolamento,BPFI_03,0,-1211,2463,-4748,1952,28584,30132,-14567,-7972,21804,True,True,True,True,True
791,0.030910096252856612,desgaste_rolamento,BPFI_03,0,5042,-3250,-2924,-1419,28584,30132,-14395,-8845,22560,True,True,True,True,True
792,0.03094915875285661,desgaste_rolamento,BPFI_03,0,-1105,169,-2232,1296,28584,30132,-14504,-9542,23533,True,True,True,True,True
793,0.030988221252856614,desgaste_rolamento,BPFI_03,0,-7148,4068,-1102,496,28584,30132,-16380,-9294,24831,True,True,True,True,True
794,0.031027283752856613,desgaste_rolamento,BPFI_03,0,-1587,-771,1840,-1487,28584,30132,-16773,-7980,23830,True,True,True,True,True
795,0.031066346252856612,desgaste_rolamento,BPFI_03,0,981,-1840,2282,1770,28584,30132,-15560,-7235,22170,True,True,True,True,True
796,0.03110540875285661,desgaste_rolamento,BPFI_03,0,-3621,2637,2515,-275,28584,30132,-14516,-7195,21063,True,True,True,True,True
797,0.03114447125285661,desgaste_rolamento,BPFI_03,0,-133,1247,2471,1678,28584,30132,-14340,-6116,19764,True,True,True,True,True
798,0.031183533752856613,desgaste_rolamento,BPFI_03,0,7178,-2813,1776,6040,28584,30132,-15487,-5337,20127,True,True,True,True,True
799,0.031222596252856612,desgaste_rolamento,BPFI_03,0,1497,799,523,826,28584,30132,-16413,-5220,21969,True,True,True,True,True
800,0.03126165875285661,desgaste_rolamento,BPFI_03,0,-3108,3180,-1766,-259,28584,30132,-16162,-6330,22802,True,True,True,True,True
801,0.03130072125285661,desgaste_rolamento,BPFI_03,0,2052,-1455,-3458,799,28584,30132,-17142,-7093,23909,True,True,True,True,True
802,0.031339783752856606,desgaste_rolamento,BPFI_03,0,970,-1731,-1733,-6732,28584,30132,-18022,-5898,23555,True,True,True,True,True
803,0.031378846252856606,desgaste_rolamento,BPFI_03,0,-4617,2313,-1887,-2036,28584,30132,-17963,-4163,21622,True,True,True,True,True
804,0.03141790875285661,desgaste_rolamento,BPFI_03,0,-644,-405,-1372,1326,28584,30132,-16648,-4907,21044,True,True,True,True,True
805,0.03145697125285661,desgaste_rolamento,BPFI_03,0,3018,-3314,725,-3941,28584,30132,-15921,-4782,20279,True,True,True,True,True
806,0.03149603375285661,desgaste_rolamento,BPFI_03,0,-1219,405,582,1242,28584,30132,-16493,-2865,18880,True,True,True,True,True
807,0.03153509625285661,desgaste_rolamento,BPFI_03,0,-3273,1378,1654,-1425,28584,30132,-17907,-2223,19758,True,True,True,True,True
808,0.03157415875285661,desgaste_rolamento,BPFI_03,0,2360,-2494,2710,-5114,28584,30132,-18139,-3418,21119,True,True,True,True,True
809,0.03161322125285661,desgaste_rolamento,BPFI_03,0,2704,-1323,1171,2083,28584,30132,-18237,-4447,22321,True,True,True,True,True
810,0.03165228375285661,desgaste_rolamento,BPFI_03,0,-1796,2379,1132,254,28584,30132,-19049,-3630,22613,True,True,True,True,True
811,0.031691346252856606,desgaste_rolamento,BPFI_03,0,2626,171,587,593,28584,30132,-19485,-2081,21302,True,True,True,True,True
812,0.03173040875285661,desgaste_rolamento,BPFI_03,0,6224,-1877,-1858,7437,28584,30132,-19148,-1780,20351,True,True,True,True,True
813,0.03176947125285661,desgaste_rolamento,BPFI_03,0,-1702,2054,-1006,-278,28584,30132,-18052,-2240,19947,True,True,True,True,True
814,0.03180853375285661,desgaste_rolamento,BPFI_03,0,-3692,2301,-1204,250,28584,30132,-17906,-1530,19041,True,True,True,True,True
815,0.03184759625285661,desgaste_rolamento,BPFI_03,0,1098,-2045,-2438,5190,28584,30132,-18547,-40,18532,True,True,True,True,True
816,0.03188665875285661,desgaste_rolamento,BPFI_03,0,-2029,-99,74,-2083,28584,30132,-19259,283,19764,True,True,True,True,True
817,0.03192572125285661,desgaste_rolamento,BPFI_03,0,-5372,2560,-419,2173,28584,30132,-19279,-1752,20703,True,True,True,True,True
818,0.03196478375285661,desgaste_rolamento,BPFI_03,0,1044,-1128,-466,4415,28584,30132,-19556,-2379,20967,True,True,True,True,True
819,0.032003846252856606,desgaste_rolamento,BPFI_03,0,3596,-1774,2085,-3213,28584,30132,-20097,-722,20449,True,True,True,True,True
820,0.032042908752856605,desgaste_rolamento,BPFI_03,0,-1599,1903,1781,-831,28584,30132,-20490,991,19228,True,True,True,True,True
821,0.03208197125285661,desgaste_rolamento,BPFI_03,0,-779,533,139,355,28584,30132,-19517,5,19148,True,True,True,True,True
822,0.03212103375285661,desgaste_rolamento,BPFI_03,0,3874,-2375,1802,-4283,28584,30132,-18881,-390,18813,True,True,True,True,True
823,0.03216009625285661,desgaste_rolamento,BPFI_03,0,-235,1,702,2706,28584,30132,-19479,1280,17724,True,True,True,True,True
824,0.03219915875285661,desgaste_rolamento,BPFI_03,0,-3422,1864,-110,3869,28584,30132,-20539,2450,17616,True,True,True,True,True
825,0.03223822125285661,desgaste_rolamento,BPFI_03,0,1954,-1381,504,-1188,28584,30132,-20532,1406,18507,True,True,True,True,True
826,0.03227728375285661,desgaste_rolamento,BPFI_03,0,1841,-1580,-1980,1052,28584,30132,-20250,-135,19479,True,True,True,True,True
827,0.032316346252856606,desgaste_rolamento,BPFI_03,0,-3568,1654,-1176,-5827,28584,30132,-20550,760,19188,True,True,True,True,True
828,0.032355408752856606,desgaste_rolamento,BPFI_03,0,-1409,189,-350,-6130,28584,30132,-21056,2643,18146,True,True,True,True,True
829,0.03239447125285661,desgaste_rolamento,BPFI_03,0,2668,-2251,-1739,1535,28584,30132,-21048,2833,17814,True,True,True,True,True
830,0.03243353375285661,desgaste_rolamento,BPFI_03,0,-708,248,-314,-3102,28584,30132,-20078,1686,18135,True,True,True,True,True
831,0.03247259625285661,desgaste_rolamento,BPFI_03,0,-2124,1645,-156,1741,28584,30132,-20082,2147,17715,True,True,True,True,True
832,0.03251165875285661,desgaste_rolamento,BPFI_03,0,3566,-1085,-1140,6341,28584,30132,-20994,3891,16790,True,True,True,True,True
833,0.03255072125285661,desgaste_rolamento,BPFI_03,0,3318,-794,1507,-2487,28584,30132,-21749,4683,17239,True,True,True,True,True
834,0.03258978375285661,desgaste_rolamento,BPFI_03,0,-2151,2615,83,1863,28584,30132,-20913,2822,18210,True,True,True,True,True
835,0.03262884625285661,desgaste_rolamento,BPFI_03,0,206,978,-660,5224,28584,30132,-20582,2424,17850,True,True,True,True,True
836,0.032667908752856606,desgaste_rolamento,BPFI_03,0,2990,-1867,2287,-3245,28584,30132,-21522,4194,16914,True,True,True,True,True
837,0.03270697125285661,desgaste_rolamento,BPFI_03,0,-2952,1202,970,1383,28584,30132,-22449,5893,16204,True,True,True,True,True
838,0.03274603375285661,desgaste_rolamento,BPFI_03,0,-4420,2014,-308,2211,28584,30132,-21686,4670,16659,True,True,True,True,True
839,0.03278509625285661,desgaste_rolamento,BPFI_03,0,1262,-1882,532,-4459,28584,30132,-20975,3586,16960,True,True,True,True,True
840,0.03282415875285661,desgaste_rolamento,BPFI_03,0,-80,-691,-1398,1225,28584,30132,-21670,4924,16391,True,True,True,True,True
841,0.03286322125285661,desgaste_rolamento,BPFI_03,0,-4181,2357,-1445,-59,28584,30132,-22698,6686,15761,True,True,True,True,True
842,0.03290228375285661,desgaste_rolamento,BPFI_03,0,1121,-812,-149,-3801,28584,30132,-22527,6047,15937,True,True,True,True,True
843,0.03294134625285661,desgaste_rolamento,BPFI_03,0,3868,-2360,-1347,2779,28584,30132,-21277,4234,15803,True,True,True,True,True
844,0.032980408752856606,desgaste_rolamento,BPFI_03,0,-1998,1485,747,-477,28584,30132,-21126,4927,15354,True,True,True,True,True
845,0.033019471252856605,desgaste_rolamento,BPFI_03,0,98,615,2197,-2553,28584,30132,-22064,6875,14935,True,True,True,True,True
846,0.03305853375285661,desgaste_rolamento,BPFI_03,0,5175,-2914,73,2008,28584,30132,-22515,7303,14863,True,True,True,True,True
847,0.03309759625285661,desgaste_rolamento,BPFI_03,0,428,-19,733,-2683,28584,30132,-21739,6129,15650,True,True,True,True,True
848,0.03313665875285661,desgaste_rolamento,BPFI_03,0,-2137,1729,1093,-2317,28584,30132,-22025,6576,15592,True,True,True,True,True
849,0.03317572125285661,desgaste_rolamento,BPFI_03,0,3269,-1723,-853,1698,28584,30132,-23409,8390,14805,True,True,True,True,True
850,0.03321478375285661,desgaste_rolamento,BPFI_03,0,1681,-634,-186,-1753,28584,30132,-23599,8792,14542,True,True,True,True,True
851,0.03325384625285661,desgaste_rolamento,BPFI_03,0,-763,3458,-524,472,28584,30132,-22264,7034,15086,True,True,True,True,True
852,0.033292908752856606,desgaste_rolamento,BPFI_03,0,-4562,-86,-758,2206,28584,30132,-20908,6186,14354,True,True,True,True,True
853,0.033331971252856606,desgaste_rolamento,BPFI_03,0,-2879,-5572,232,792,28584,30132,-21146,7442,13278,True,True,True,True,True
854,0.03337103375285661,desgaste_rolamento,BPFI_03,0,-5585,-2313,-1130,6571,28584,30132,-22260,9218,12841,True,True,True,True,True
855,0.03341009625285661,desgaste_rolamento,BPFI_03,0,-2862,2415,48,3224,28584,30132,-22141,8593,13531,True,True,True,True,True
856,0.03344915875285661,desgaste_rolamento,BPFI_03,0,5429,2688,848,-188,28584,30132,-22311,8077,13930,True,True,True,True,True
857,0.03348822125285661,desgaste_rolamento,BPFI_03,0,6075,2104,51,4315,28584,30132,-23438,9596,13474,True,True,True,True,True
858,0.03352728375285661,desgaste_rolamento,BPFI_03,0,2017,3542,1260,-623,28584,30132,-24044,11352,12880,True,True,True,True,True
859,0.03356634625285661,desgaste_rolamento,BPFI_03,0,1028,1060,-170,-2546,28584,30132,-22932,10515,12624,True,True,True,True,True
860,0.03360540875285661,desgaste_rolamento,BPFI_03,0,604,-2697,-1811,-1261,28584,30132,-21056,8618,12246,True,True,True,True,True
861,0.033644471252856606,desgaste_rolamento,BPFI_03,0,10,-324,868,-5080,28584,30132,-20434,8777,11490,True,True,True,True,True
862,0.03368353375285661,desgaste_rolamento,BPFI_03,0,-2124,1415,-202,-946,28584,30132,-21255,10321,10888,True,True,True,True,True
863,0.03372259625285661,desgaste_rolamento,BPFI_03,0,1443,-2079,643,2774,28584,30132,-22459,11279,10504,True,True,True,True,True
864,0.03376165875285661,desgaste_rolamento,BPFI_03,0,716,-2093,1236,492,28584,30132,-22495,10571,11395,True,True,True,True,True
865,0.03380072125285661,desgaste_rolamento,BPFI_03,0,-5021,-208,-961,2549,28584,30132,-23053,11150,11846,True,True,True,True,True
866,0.03383978375285661,desgaste_rolamento,BPFI_03,0,-3440,-3599,1678,-4914,28584,30132,-24706,13151,11379,True,True,True,True,True
867,0.03387884625285661,desgaste_rolamento,BPFI_03,0,-140,-2785,1624,-10761,28584,30132,-23662,13468,10036,True,True,True,True,True
868,0.03391790875285661,desgaste_rolamento,BPFI_03,0,-1945,2558,-1654,-140,28584,30132,-21946,11400,10547,True,True,True,True,True
869,0.033956971252856606,desgaste_rolamento,BPFI_03,0,1529,3143,-324,2350,28584,30132,-20517,10261,10118,True,True,True,True,True
870,0.03399603375285661,desgaste_rolamento,BPFI_03,0,5946,1660,-1166,874,28584,30132,-20190,11243,8855,True,True,True,True,True
871,0.03403509625285661,desgaste_rolamento,BPFI_03,0,4141,2210,-4759,4570,28584,30132,-21390,12812,8485,True,True,True,True,True
872,0.03407415875285661,desgaste_rolamento,BPFI_03,0,-514,1067,-1876,-4527,28584,30132,-21884,12596,9280,True,True,True,True,True
873,0.03411322125285661,desgaste_rolamento,BPFI_03,0,136,-2401,-2320,-8787,28584,30132,-22617,12595,9913,True,True,True,True,True
874,0.03415228375285661,desgaste_rolamento,BPFI_03,0,-175,-2676,-3544,241,28584,30132,-24197,14297,9800,True,True,True,True,True
875,0.03419134625285661,desgaste_rolamento,BPFI_03,0,-5436,296,558,2447,28584,30132,-23936,15029,8652,True,True,True,True,True
876,0.03423040875285661,desgaste_rolamento,BPFI_03,0,-3124,655,1270,7189,28584,30132,-22299,14110,7967,True,True,True,True,True
877,0.034269471252856606,desgaste_rolamento,BPFI_03,0,384,-132,969,9050,28584,30132,-20919,12906,7949,True,True,True,True,True
878,0.034308533752856606,desgaste_rolamento,BPFI_03,0,-1580,1119,4956,2522,28584,30132,-19607,12580,6911,True,True,True,True,True
879,0.03434759625285661,desgaste_rolamento,BPFI_03,0,-1668,1007,3666,259,28584,30132,-19932,13677,6161,True,True,True,True,True
880,0.03438665875285661,desgaste_rolamento,BPFI_03,0,2052,-707,2475,-939,28584,30132,-21939,14086,5652,True,True,True,True,True
881,0.03442572125285661,desgaste_rolamento,BPFI_03,0,1881,-197,3554,-2190,28584,30132,-22340,13877,6945,True,True,True,True,True
882,0.03446478375285661,desgaste_rolamento,BPFI_03,0,2,1457,563,2099,28584,30132,-23028,15193,7886,True,True,True,True,True
883,0.03450384625285661,desgaste_rolamento,BPFI_03,0,1254,948,79,-1151,28584,30132,-23486,16532,6979,True,True,True,True,True
884,0.03454290875285661,desgaste_rolamento,BPFI_03,0,3639,-1421,159,-4491,28584,30132,-22098,16678,5292,True,True,True,True,True
885,0.03458197125285661,desgaste_rolamento,BPFI_03,0,-728,-593,-3249,-2363,28584,30132,-21274,15227,5777,True,True,True,True,True
886,0.034621033752856606,desgaste_rolamento,BPFI_03,0,-1486,-739,-2693,-5454,28584,30132,-20323,14579,5588,True,True,True,True,True
887,0.03466009625285661,desgaste_rolamento,BPFI_03,0,1548,-3432,-1415,-4718,28584,30132,-18995,15080,3803,True,True,True,True,True
888,0.03469915875285661,desgaste_rolamento,BPFI_03,0,-1062,-1766,-3077,-2037,28584,30132,-19829,16400,3181,True,True,True,True,True
889,0.03473822125285661,desgaste_rolamento,BPFI_03,0,-3104,1830,-1551,-2396,28584,30132,-20886,16499,4299,True,True,True,True,True
890,0.03477728375285661,desgaste_rolamento,BPFI_03,0,549,668,-390,3870,28584,30132,-21820,16545,5316,True,True,True,True,True
891,0.03481634625285661,desgaste_rolamento,BPFI_03,0,1686,558,593,6300,28584,30132,-22722,17843,5067,True,True,True,True,True
892,0.03485540875285661,desgaste_rolamento,BPFI_03,0,-972,2410,2076,4412,28584,30132,-21848,18372,3591,True,True,True,True,True
893,0.03489447125285661,desgaste_rolamento,BPFI_03,0,674,771,2155,7626,28584,30132,-20649,17945,2729,True,True,True,True,True
894,0.034933533752856606,desgaste_rolamento,BPFI_03,0,2727,-1569,2686,1399,28584,30132,-20090,16897,3176,True,True,True,True,True
895,0.03497259625285661,desgaste_rolamento,BPFI_03,0,-844,-279,2434,-2656,28584,30132,-19231,16721,2484,True,True,True,True,True
896,0.03501165875285661,desgaste_rolamento,BPFI_03,0,-2363,780,-196,2977,28584,30132,-18796,17461,834,True,True,True,True,True
897,0.03505072125285661,desgaste_rolamento,BPFI_03,0,-349,-627,-95,-1106,28584,30132,-19779,18885,393,True,True,True,True,True
898,0.03508978375285661,desgaste_rolamento,BPFI_03,0,-1133,-46,107,-1996,28584,30132,-20469,18627,2369,True,True,True,True,True
899,0.03512884625285661,desgaste_rolamento,BPFI_03,0,-2128,1473,-3052,2485,28584,30132,-21674,18879,3299,True,True,True,True,True
900,0.03516790875285661,desgaste_rolamento,BPFI_03,0,548,210,-1187,-6986,28584,30132,-21289,19560,1879,True,True,True,True,True
901,0.03520697125285661,desgaste_rolamento,BPFI_03,0,1387,-435,-1254,-6585,28584,30132,-19745,19761,72,True,True,True,True,True
902,0.035246033752856606,desgaste_rolamento,BPFI_03,0,-153,1116,-2500,-294,28584,30132,-19587,18604,849,True,True,True,True,True
903,0.035285096252856606,desgaste_rolamento,BPFI_03,0,-172,982,13,-4072,28584,30132,-19088,17950,1088,True,True,True,True,True
904,0.03532415875285661,desgaste_rolamento,BPFI_03,0,2156,-440,395,3002,28584,30132,-18029,18492,-418,True,True,True,True,True
905,0.03536322125285661,desgaste_rolamento,BPFI_03,0,1571,-593,31,4115,28584,30132,-17998,19538,-1496,True,True,True,True,True
906,0.03540228375285661,desgaste_rolamento,BPFI_03,0,656,-491,1154,-4361,28584,30132,-18746,19468,-540,True,True,True,True,True
907,0.03544134625285661,desgaste_rolamento,BPFI_03,0,1739,-1696,220,1109,28584,30132,-20030,19297,1016,True,True,True,True,True
908,0.03548040875285661,desgaste_rolamento,BPFI_03,0,1742,-2287,516,-381,28584,30132,-20130,19745,418,True,True,True,True,True
909,0.03551947125285661,desgaste_rolamento,BPFI_03,0,-1345,-631,356,-3534,28584,30132,-19024,20322,-1292,True,True,True,True,True
910,0.03555853375285661,desgaste_rolamento,BPFI_03,0,-1891,489,-2668,5435,28584,30132,-18325,20562,-1930,True,True,True,True,True
911,0.035597596252856606,desgaste_rolamento,BPFI_03,0,-839,143,-301,-40,28584,30132,-18436,19439,-920,True,True,True,True,True
912,0.03563665875285661,desgaste_rolamento,BPFI_03,0,-909,755,787,-2802,28584,30132,-17965,19274,-1363,True,True,True,True,True
913,0.03567572125285661,desgaste_rolamento,BPFI_03,0,-1004,1900,-965,4935,28584,30132,-16989,20191,-3138,True,True,True,True,True
914,0.03571478375285661,desgaste_rolamento,BPFI_03,0,278,774,2797,-3610,28584,30132,-17248,21051,-3846,True,True,True,True,True
915,0.03575384625285661,desgaste_rolamento,BPFI_03,0,1401,-304,4808,-2734,28584,30132,-18207,20053,-1856,True,True,True,True,True
916,0.03579290875285661,desgaste_rolamento,BPFI_03,0,-885,1059,1235,9063,28584,30132,-18587,20011,-1152,True,True,True,True,True
917,0.03583197125285661,desgaste_rolamento,BPFI_03,0,-1176,1193,3162,-1002,28584,30132,-18056,21036,-2703,True,True,True,True,True
918,0.03587103375285661,desgaste_rolamento,BPFI_03,0,871,-636,1095,1309,28584,30132,-17229,21825,-4427,True,True,True,True,True
919,0.035910096252856606,desgaste_rolamento,BPFI_03,0,-498,-50,-2758,6826,28584,30132,-17546,21082,-3469,True,True,True,True,True
920,0.03594915875285661,desgaste_rolamento,BPFI_03,0,-1429,863,-454,-5772,28584,30132,-17598,20530,-2577,True,True,True,True,True
921,0.03598822125285661,desgaste_rolamento,BPFI_03,0,1671,-1068,-2950,-944,28584,30132,-16907,21146,-3849,True,True,True,True,True
922,0.03602728375285661,desgaste_rolamento,BPFI_03,0,1101,-1326,-3257,633,28584,30132,-16226,22013,-5682,True,True,True,True,True
923,0.03606634625285661,desgaste_rolamento,BPFI_03,0,-840,631,147,-7359,28584,30132,-16490,21861,-5047,True,True,True,True,True
924,0.03610540875285661,desgaste_rolamento,BPFI_03,0,372,-399,-1784,1837,28584,30132,-17225,21276,-3457,True,True,True,True,True
925,0.03614447125285661,desgaste_rolamento,BPFI_03,0,1609,-1747,-851,975,28584,30132,-16970,21536,-4290,True,True,True,True,True
926,0.03618353375285661,desgaste_rolamento,BPFI_03,0,-263,-232,2318,-5706,28584,30132,-16206,22377,-6213,True,True,True,True,True
927,0.036222596252856606,desgaste_rolamento,BPFI_03,0,-1026,18,-1251,2579,28584,30132,-15981,22686,-6644,True,True,True,True,True
928,0.036261658752856606,desgaste_rolamento,BPFI_03,0,1040,-1708,770,-1992,28584,30132,-16645,21634,-5274,True,True,True,True,True
929,0.03630072125285661,desgaste_rolamento,BPFI_03,0,-76,-450,2260,-3300,28584,30132,-16472,21722,-5526,True,True,True,True,True
930,0.03633978375285661,desgaste_rolamento,BPFI_03,0,-2123,1469,-2225,8114,28584,30132,-15583,22961,-7313,True,True,True,True,True
931,0.03637884625285661,desgaste_rolamento,BPFI_03,0,-305,377,461,2478,28584,30132,-14537,23141,-8526,True,True,True,True,True
932,0.03641790875285661,desgaste_rolamento,BPFI_03,0,279,381,1329,976,28584,30132,-15237,21898,-6643,True,True,True,True,True
933,0.03645697125285661,desgaste_rolamento,BPFI_03,0,-1713,2031,-825,4570,28584,30132,-15451,21293,-5838,True,True,True,True,True
934,0.03649603375285661,desgaste_rolamento,BPFI_03,0,-831,1072,1132,-4740,28584,30132,-14615,22140,-7318,True,True,True,True,True
935,0.03653509625285661,desgaste_rolamento,BPFI_03,0,1309,-499,1320,-2608,28584,30132,-13930,23375,-9170,True,True,True,True,True
936,0.036574158752856606,desgaste_rolamento,BPFI_03,0,505,219,245,1681,28584,30132,-14492,22913,-8331,True,True,True,True,True
937,0.03661322125285661,desgaste_rolamento,BPFI_03,0,556,251,2289,-3353,28584,30132,-14747,22714,-7555,True,True,True,True,True
938,0.03665228375285661,desgaste_rolamento,BPFI_03,0,2392,-1024,-1559,5396,28584,30132,-14268,23717,-9054,True,True,True,True,True
939,0.03669134625285661,desgaste_rolamento,BPFI_03,0,2017,-623,-2679,5098,28584,30132,-13748,24946,-11155,True,True,True,True,True
940,0.03673040875285661,desgaste_rolamento,BPFI_03,0,-283,511,-582,-4926,28584,30132,-13468,23592,-10295,True,True,True,True,True
941,0.03676947125285661,desgaste_rolamento,BPFI_03,0,140,-159,-3855,2521,28584,30132,-13178,21306,-7899,True,True,True,True,True
942,0.03680853375285661,desgaste_rolamento,BPFI_03,0,156,-417,-2317,-2326,28584,30132,-12763,21270,-8224,True,True,True,True,True
943,0.03684759625285661,desgaste_rolamento,BPFI_03,0,-1000,695,35,-7520,28584,30132,-12186,22481,-10086,True,True,True,True,True
944,0.036886658752856606,desgaste_rolamento,BPFI_03,0,-2103,950,-1797,3859,28584,30132,-11681,23585,-11167,True,True,True,True,True
945,0.03692572125285661,desgaste_rolamento,BPFI_03,0,-487,609,2089,-508,28584,30132,-12735,23084,-10061,True,True,True,True,True
946,0.03696478375285661,desgaste_rolamento,BPFI_03,0,-4262,880,3461,-2787,28584,30132,-12961,23504,-10642,True,True,True,True,True
947,0.03700384625285661,desgaste_rolamento,BPFI_03,0,-1538,-1129,1513,2135,28584,30132,-12189,25149,-12900,True,True,True,True,True
948,0.03704290875285661,desgaste_rolamento,BPFI_03,0,7856,-6558,3203,-3915,28584,30132,-10768,24351,-13302,True,True,True,True,True
949,0.03708197125285661,desgaste_rolamento,BPFI_03,0,8055,-5067,1932,-868,28584,30132,-11289,22697,-11102,True,True,True,True,True
950,0.03712103375285661,desgaste_rolamento,BPFI_03,0,654,1516,311,1887,28584,30132,-10920,20992,-9767,True,True,True,True,True
951,0.03716009625285661,desgaste_rolamento,BPFI_03,0,-2830,4002,453,-2174,28584,30132,-9953,21434,-11068,True,True,True,True,True
952,0.037199158752856606,desgaste_rolamento,BPFI_03,0,2626,3528,-2868,4192,28584,30132,-9571,23055,-13150,True,True,True,True,True
953,0.037238221252856606,desgaste_rolamento,BPFI_03,0,-4017,2188,-1336,5597,28584,30132,-10334,23247,-12885,True,True,True,True,True
954,0.03727728375285661,desgaste_rolamento,BPFI_03,0,-4277,3110,1886,1647,28584,30132,-10915,23687,-12550,True,True,True,True,True
955,0.03731634625285661,desgaste_rolamento,BPFI_03,0,-4045,140,-1529,2477,28584,30132,-10646,25094,-14159,True,True,True,True,True
956,0.03735540875285661,desgaste_rolamento,BPFI_03,0,-2664,-1447,-129,-3980,28584,30132,-9598,24995,-15197,True,True,True,True,True
957,0.03739447125285661,desgaste_rolamento,BPFI_03,0,-4289,197,2399,-4354,28584,30132,-8952,23390,-14188,True,True,True,True,True
958,0.03743353375285661,desgaste_rolamento,BPFI_03,0,-4295,1956,-1714,6489,28584,30132,-9050,21805,-12343,True,True,True,True,True
959,0.03747259625285661,desgaste_rolamento,BPFI_03,0,2017,-3804,-266,6775,28584,30132,-8249,20902,-11827,True,True,True,True,True
960,0.03751165875285661,desgaste_rolamento,BPFI_03,0,5169,-3968,42,1043,28584,30132,-7651,21614,-13319,True,True,True,True,True
961,0.037550721252856606,desgaste_rolamento,BPFI_03,0,2107,-651,-3873,-1620,28584,30132,-7507,23079,-15305,True,True,True,True,True
962,0.03758978375285661,desgaste_rolamento,BPFI_03,0,7425,-2358,-1530,-7703,28584,30132,-8800,23197,-14370,True,True,True,True,True
963,0.03762884625285661,desgaste_rolamento,BPFI_03,0,6364,-1096,-599,-8772,28584,30132,-9248,24087,-14747,True,True,True,True,True
964,0.03766790875285661,desgaste_rolamento,BPFI_03,0,421,4296,-2014,-1627,28584,30132,-8350,24942,-16438,True,True,True,True,True
965,0.03770697125285661,desgaste_rolamento,BPFI_03,0,-2566,3735,2035,2543,28584,30132,-6853,23489,-16454,True,True,True,True,True
966,0.03774603375285661,desgaste_rolamento,BPFI_03,0,-2718,432,3744,2555,28584,30132,-7284,22282,-14484,True,True,True,True,True
967,0.03778509625285661,desgaste_rolamento,BPFI_03,0,-3116,19,3768,-2075,28584,30132,-7052,21038,-13477,True,True,True,True,True
968,0.03782415875285661,desgaste_rolamento,BPFI_03,0,-7268,-1070,6544,-3474,28584,30132,-5939,20523,-14214,True,True,True,True,True
969,0.037863221252856606,desgaste_rolamento,BPFI_03,0,-2436,-2934,5705,-2188,28584,30132,-5520,21595,-15871,True,True,True,True,True
970,0.03790228375285661,desgaste_rolamento,BPFI_03,0,2888,-2764,1301,495,28584,30132,-6168,22433,-15972,True,True,True,True,True
971,0.03794134625285661,desgaste_rolamento,BPFI_03,0,377,888,1435,6063,28584,30132,-6959,23258,-15917,True,True,True,True,True
972,0.03798040875285661,desgaste_rolamento,BPFI_03,0,1640,1302,-3305,7948,28584,30132,-7009,23747,-17672,True,True,True,True,True
973,0.03801947125285661,desgaste_rolamento,BPFI_03,0,6632,413,-8434,5098,28584,30132,-5582,22982,-18113,True,True,True,True,True
974,0.03805853375285661,desgaste_rolamento,BPFI_03,0,1651,1089,-8339,896,28584,30132,-4491,21785,-17379,True,True,True,True,True
975,0.03809759625285661,desgaste_rolamento,BPFI_03,0,-388,1783,-7584,-1310,28584,30132,-4848,21052,-15979,True,True,True,True,True
976,0.03813665875285661,desgaste_rolamento,BPFI_03,0,1995,-92,-6702,-2759,28584,30132,-4171,20105,-15539,True,True,True,True,True
977,0.038175721252856606,desgaste_rolamento,BPFI_03,0,-184,663,-2683,-307,28584,30132,-3152,20140,-16634,True,True,True,True,True
978,0.038214783752856606,desgaste_rolamento,BPFI_03,0,-4096,1040,3033,-2634,28584,30132,-2812,21494,-18506,True,True,True,True,True
979,0.03825384625285661,desgaste_rolamento,BPFI_03,0,-4208,563,5573,-1801,28584,30132,-4157,22230,-17030,True,True,True,True,True
980,0.03829290875285661,desgaste_rolamento,BPFI_03,0,-2570,-1555,6721,1426,28584,30132,-4881,23364,-17665,True,True,True,True,True
981,0.03833197125285661,desgaste_rolamento,BPFI_03,0,-3908,-2032,7704,-2005,28584,30132,-3662,22937,-19043,True,True,True,True,True
982,0.03837103375285661,desgaste_rolamento,BPFI_03,0,-2697,-1089,3775,-2677,28584,30132,-1981,21376,-19254,True,True,True,True,True
983,0.03841009625285661,desgaste_rolamento,BPFI_03,0,3053,-973,1943,-939,28584,30132,-2593,20925,-17976,True,True,True,True,True
984,0.03844915875285661,desgaste_rolamento,BPFI_03,0,5178,-712,246,-4403,28584,30132,-2654,20214,-17200,True,True,True,True,True
985,0.03848822125285661,desgaste_rolamento,BPFI_03,0,2725,1749,-3239,-2383,28584,30132,-1172,19119,-17624,True,True,True,True,True
986,0.038527283752856606,desgaste_rolamento,BPFI_03,0,3450,1762,-5893,4563,28584,30132,-411,19600,-19127,True,True,True,True,True
987,0.03856634625285661,desgaste_rolamento,BPFI_03,0,3160,-1260,-4047,2860,28584,30132,-1157,20683,-19382,True,True,True,True,True
988,0.03860540875285661,desgaste_rolamento,BPFI_03,0,-415,-414,-3801,817,28584,30132,-2397,21767,-19155,True,True,True,True,True
989,0.03864447125285661,desgaste_rolamento,BPFI_03,0,-1952,432,-1029,-1390,28584,30132,-1825,21870,-19589,True,True,True,True,True
990,0.03868353375285661,desgaste_rolamento,BPFI_03,0,1737,-2072,1666,-3135,28584,30132,-288,20817,-20101,True,True,True,True,True
991,0.03872259625285661,desgaste_rolamento,BPFI_03,0,805,-1251,3860,66,28584,30132,377,19731,-20433,True,True,True,True,True
992,0.03876165875285661,desgaste_rolamento,BPFI_03,0,-2826,2205,5077,3484,28584,30132,-493,19527,-19056,True,True,True,True,True
993,0.03880072125285661,desgaste_rolamento,BPFI_03,0,-1012,525,4590,2330,28584,30132,48,18947,-18555,True,True,True,True,True
994,0.038839783752856606,desgaste_rolamento,BPFI_03,0,-371,325,1666,3263,28584,30132,1679,17882,-19278,True,True,True,True,True
995,0.03887884625285661,desgaste_rolamento,BPFI_03,0,-4030,2451,-364,755,28584,30132,2158,18839,-20863,True,True,True,True,True
996,0.03891790875285661,desgaste_rolamento,BPFI_03,0,-1661,1716,-1619,-2817,28584,30132,237,19887,-19783,True,True,True,True,True
997,0.03895697125285661,desgaste_rolamento,BPFI_03,0,1908,-470,-4339,2426,28584,30132,-359,20253,-19542,True,True,True,True,True
998,0.03899603375285661,desgaste_rolamento,BPFI_03,0,97,564,-5819,4794,28584,30132,1071,19620,-20456,True,True,True,True,True
999,0.03903509625285661,desgaste_rolamento,BPFI_03,0,-892,366,-3580,1399,28584,30132,2794,18565,-21061,True,True,True,True,True
